PMID,Title,Authors,Citation,First Author,Journal/Book,Publication Year,Create Date,PMCID,NIHMS ID,DOI
"22535208","PaxDb, a database of protein abundance averages across all three domains of life","Wang M, Weiss M, Simonovic M, Haertinger G, Schrimpf SP, Hengartner MO, von Mering C.","Mol Cell Proteomics. 2012 Aug;11(8):492-500. doi: 10.1074/mcp.O111.014704. Epub 2012 Apr 24.","Wang M","Mol Cell Proteomics","2012","2012/04/27","PMC3412977","","10.1074/mcp.O111.014704"
"33723253","Hierarchized phosphotarget binding by the seven human 14-3-3 isoforms","Gogl G, Tugaeva KV, Eberling P, Kostmann C, Trave G, Sluchanko NN.","Nat Commun. 2021 Mar 15;12(1):1677. doi: 10.1038/s41467-021-21908-8.","Gogl G","Nat Commun","2021","2021/03/16","PMC7961048","","10.1038/s41467-021-21908-8"
"36452865","Grabody B, an IGF1 receptor-based shuttle, mediates efficient delivery of biologics across the blood-brain barrier","Shin JW, An S, Kim D, Kim H, Ahn J, Eom J, You WK, Yun H, Lee B, Sung B, Jung J, Kim S, Son Y, Sung E, Lee H, Lee S, Song D, Pak Y, Sandhu JK, Haqqani AS, Stanimirovic DB, Yoo J, Kim D, Maeng S, Lee J, Lee SH.","Cell Rep Methods. 2022 Nov 21;2(11):100338. doi: 10.1016/j.crmeth.2022.100338. eCollection 2022 Nov 21.","Shin JW","Cell Rep Methods","2022","2022/12/01","PMC9701613","","10.1016/j.crmeth.2022.100338"
"25950722","Accounting for experimental noise reveals that mRNA levels, amplified by post-transcriptional processes, largely determine steady-state protein levels in yeast","Csárdi G, Franks A, Choi DS, Airoldi EM, Drummond DA.","PLoS Genet. 2015 May 7;11(5):e1005206. doi: 10.1371/journal.pgen.1005206. eCollection 2015 May.","Csárdi G","PLoS Genet","2015","2015/05/08","PMC4423881","","10.1371/journal.pgen.1005206"
"27260512","Selection for reduced translation costs at the intronic 5' end in fungi","Zafrir Z, Zur H, Tuller T.","DNA Res. 2016 Aug;23(4):377-94. doi: 10.1093/dnares/dsw019. Epub 2016 Jun 2.","Zafrir Z","DNA Res","2016","2016/06/05","PMC4991832","","10.1093/dnares/dsw019"
"33805243","Label-Free Quantitative Proteomic Analysis of Nitrogen Starvation in Arabidopsis Root Reveals New Aspects of H(2)S Signaling by Protein Persulfidation","Jurado-Flores A, Romero LC, Gotor C.","Antioxidants (Basel). 2021 Mar 24;10(4):508. doi: 10.3390/antiox10040508.","Jurado-Flores A","Antioxidants (Basel)","2021","2021/04/03","PMC8064375","","10.3390/antiox10040508"
"36748112","Extending the Range of SLIM-Labeling Applications: From Human Cell Lines in Culture to Caenorhabditis elegans Whole-Organism Labeling","Lignieres L, Sénécaut N, Dang T, Bellutti L, Hamon M, Terrier S, Legros V, Chevreux G, Lelandais G, Mège RM, Dumont J, Camadro JM.","J Proteome Res. 2023 Mar 3;22(3):996-1002. doi: 10.1021/acs.jproteome.2c00699. Epub 2023 Feb 6.","Lignieres L","J Proteome Res","2023","2023/02/07","PMC9990122","","10.1021/acs.jproteome.2c00699"
"35113396","Subcellular Proteomics as a Unified Approach of Experimental Localizations and Computed Prediction Data for Arabidopsis and Crop Plants","Hooper CM, Castleden IR, Tanz SK, Grasso SV, Millar AH.","Adv Exp Med Biol. 2021;1346:67-89. doi: 10.1007/978-3-030-80352-0_4.","Hooper CM","Adv Exp Med Biol","2021","2022/02/03","","","10.1007/978-3-030-80352-0_4"
"24648465","Cross-species proteomics reveals specific modulation of signaling in cancer and stromal cells by phosphoinositide 3-kinase (PI3K) inhibitors","Rajeeve V, Vendrell I, Wilkes E, Torbett N, Cutillas PR.","Mol Cell Proteomics. 2014 Jun;13(6):1457-70. doi: 10.1074/mcp.M113.035204. Epub 2014 Mar 19.","Rajeeve V","Mol Cell Proteomics","2014","2014/03/21","PMC4047466","","10.1074/mcp.M113.035204"
"24347637","Identification of secreted bacterial proteins by noncanonical amino acid tagging","Mahdavi A, Szychowski J, Ngo JT, Sweredoski MJ, Graham RL, Hess S, Schneewind O, Mazmanian SK, Tirrell DA.","Proc Natl Acad Sci U S A. 2014 Jan 7;111(1):433-8. doi: 10.1073/pnas.1301740111. Epub 2013 Dec 17.","Mahdavi A","Proc Natl Acad Sci U S A","2014","2013/12/19","PMC3890788","","10.1073/pnas.1301740111"
"29377894","The extent of ribosome queuing in budding yeast","Diament A, Feldman A, Schochet E, Kupiec M, Arava Y, Tuller T.","PLoS Comput Biol. 2018 Jan 29;14(1):e1005951. doi: 10.1371/journal.pcbi.1005951. eCollection 2018 Jan.","Diament A","PLoS Comput Biol","2018","2018/01/30","PMC5805374","","10.1371/journal.pcbi.1005951"
"24489691","Deep imaging: how much of the proteome does current top-down technology already resolve?","Wright EP, Prasad KA, Padula MP, Coorssen JR.","PLoS One. 2014 Jan 28;9(1):e86058. doi: 10.1371/journal.pone.0086058. eCollection 2014.","Wright EP","PLoS One","2014","2014/02/04","PMC3904854","","10.1371/journal.pone.0086058"
"24974296","Global analysis of cellular proteolysis by selective enzymatic labeling of protein N-termini","Wiita AP, Seaman JE, Wells JA.","Methods Enzymol. 2014;544:327-58. doi: 10.1016/B978-0-12-417158-9.00013-3.","Wiita AP","Methods Enzymol","2014","2014/06/30","PMC4260929","NIHMS646460","10.1016/B978-0-12-417158-9.00013-3"
"28855614","Predicting synonymous codon usage and optimizing the heterologous gene for expression in E. coli","Tian J, Yan Y, Yue Q, Liu X, Chu X, Wu N, Fan Y.","Sci Rep. 2017 Aug 30;7(1):9926. doi: 10.1038/s41598-017-10546-0.","Tian J","Sci Rep","2017","2017/09/01","PMC5577221","","10.1038/s41598-017-10546-0"
"28289571","Differential bicodon usage in lowly and highly abundant proteins","Diambra LA.","PeerJ. 2017 Mar 9;5:e3081. doi: 10.7717/peerj.3081. eCollection 2017.","Diambra LA","PeerJ","2017","2017/03/15","PMC5346287","","10.7717/peerj.3081"
"26750110","Direct and Absolute Quantification of over 1800 Yeast Proteins via Selected Reaction Monitoring","Lawless C, Holman SW, Brownridge P, Lanthaler K, Harman VM, Watkins R, Hammond DE, Miller RL, Sims PF, Grant CM, Eyers CE, Beynon RJ, Hubbard SJ.","Mol Cell Proteomics. 2016 Apr;15(4):1309-22. doi: 10.1074/mcp.M115.054288. Epub 2016 Jan 10.","Lawless C","Mol Cell Proteomics","2016","2016/01/12","PMC4824857","","10.1074/mcp.M115.054288"
"28725465","Network analyses based on comprehensive molecular interaction maps reveal robust control structures in yeast stress response pathways","Kawakami E, Singh VK, Matsubara K, Ishii T, Matsuoka Y, Hase T, Kulkarni P, Siddiqui K, Kodilkar J, Danve N, Subramanian I, Katoh M, Shimizu-Yoshida Y, Ghosh S, Jere A, Kitano H.","NPJ Syst Biol Appl. 2016 Jan 7;2:15018. doi: 10.1038/npjsba.2015.18. eCollection 2016.","Kawakami E","NPJ Syst Biol Appl","2016","2017/07/21","PMC5516916","","10.1038/npjsba.2015.18"
"28842485","The MukB-topoisomerase IV interaction is required for proper chromosome compaction","Kumar R, Nurse P, Bahng S, Lee CM, Marians KJ.","J Biol Chem. 2017 Oct 13;292(41):16921-16932. doi: 10.1074/jbc.M117.803346. Epub 2017 Aug 25.","Kumar R","J Biol Chem","2017","2017/08/27","PMC5641886","","10.1074/jbc.M117.803346"
"39724131","Computational Analysis of MDR1 Variants Predicts Effect on Cancer Cells via their Effect on mRNA Folding","Gutman T, Tuller T.","PLoS Comput Biol. 2024 Dec 26;20(12):e1012685. doi: 10.1371/journal.pcbi.1012685. eCollection 2024 Dec.","Gutman T","PLoS Comput Biol","2024","2024/12/26","PMC11670953","","10.1371/journal.pcbi.1012685"
"39032654","Kinase-catalyzed biotinylation for discovery and validation of substrates to multispecificity kinases NME1 and NME2","Gary CR, Acharige NPN, Oyewumi TO, Pflum MKH.","J Biol Chem. 2024 Aug;300(8):107588. doi: 10.1016/j.jbc.2024.107588. Epub 2024 Jul 18.","Gary CR","J Biol Chem","2024","2024/07/20","PMC11375270","","10.1016/j.jbc.2024.107588"
"40381888","Data-Driven Extraction of Human Kinase-Substrate Relationships From Omics Datasets","Maier BD, Petursson B, Lussana A, Petsalaki E.","Mol Cell Proteomics. 2025 Aug;24(8):100994. doi: 10.1016/j.mcpro.2025.100994. Epub 2025 May 15.","Maier BD","Mol Cell Proteomics","2025","2025/05/17","PMC12359690","","10.1016/j.mcpro.2025.100994"
"25721607","Web resources for mass spectrometry-based proteomics","Chen T, Zhao J, Ma J, Zhu Y.","Genomics Proteomics Bioinformatics. 2015 Feb;13(1):36-9. doi: 10.1016/j.gpb.2015.01.004. Epub 2015 Feb 23.","Chen T","Genomics Proteomics Bioinformatics","2015","2015/02/28","PMC4411487","","10.1016/j.gpb.2015.01.004"
"32624739","Bicistronic expression strategy for high-level expression of recombinant proteins in Corynebacterium glutamicum","Liu X, Zhao Z, Zhang W, Sun Y, Yang Y, Bai Z.","Eng Life Sci. 2017 Aug 14;17(10):1118-1125. doi: 10.1002/elsc.201700087. eCollection 2017 Oct.","Liu X","Eng Life Sci","2017","2020/07/07","PMC6999366","","10.1002/elsc.201700087"
"23752268","The functional interactome landscape of the human histone deacetylase family","Joshi P, Greco TM, Guise AJ, Luo Y, Yu F, Nesvizhskii AI, Cristea IM.","Mol Syst Biol. 2013;9:672. doi: 10.1038/msb.2013.26.","Joshi P","Mol Syst Biol","2013","2013/06/12","PMC3964310","","10.1038/msb.2013.26"
"38324614","Analyzing the correlation between protein expression and sequence-related features of mRNA and protein in Escherichia coli K-12 MG1655 model","Truong NHM, T Vo N, Nguyen BT, Huynh ST, Nguyen HD.","PLoS One. 2024 Feb 7;19(2):e0288526. doi: 10.1371/journal.pone.0288526. eCollection 2024.","Truong NHM","PLoS One","2024","2024/02/07","PMC10849221","","10.1371/journal.pone.0288526"
"23945934","Functional assignment of KEOPS/EKC complex subunits in the biosynthesis of the universal t6A tRNA modification","Perrochia L, Guetta D, Hecker A, Forterre P, Basta T.","Nucleic Acids Res. 2013 Nov;41(20):9484-99. doi: 10.1093/nar/gkt720. Epub 2013 Aug 14.","Perrochia L","Nucleic Acids Res","2013","2013/08/16","PMC3814370","","10.1093/nar/gkt720"
"24173663","Ultrasensitive and fast bottom-up analysis of femtogram amounts of complex proteome digests","Sun L, Zhu G, Zhao Y, Yan X, Mou S, Dovichi NJ.","Angew Chem Int Ed Engl. 2013 Dec 16;52(51):13661-4. doi: 10.1002/anie.201308139. Epub 2013 Oct 31.","Sun L","Angew Chem Int Ed Engl","2013","2013/11/01","PMC3904452","NIHMS544811","10.1002/anie.201308139"
"24277689","The complex evolutionary dynamics of Hsp70s: a genomic and functional perspective","Kominek J, Marszalek J, Neuvéglise C, Craig EA, Williams BL.","Genome Biol Evol. 2013;5(12):2460-77. doi: 10.1093/gbe/evt192.","Kominek J","Genome Biol Evol","2013","2013/11/27","PMC3879978","","10.1093/gbe/evt192"
"29741573","ProteomeVis: a web app for exploration of protein properties from structure to sequence evolution across organisms' proteomes","Razban RM, Gilson AI, Durfee N, Strobelt H, Dinkla K, Choi JM, Pfister H, Shakhnovich EI.","Bioinformatics. 2018 Oct 15;34(20):3557-3565. doi: 10.1093/bioinformatics/bty370.","Razban RM","Bioinformatics","2018","2018/05/10","PMC6184454","","10.1093/bioinformatics/bty370"
"26944343","Natural Genetic Variation Differentially Affects the Proteome and Transcriptome in Caenorhabditis elegans","Kamkina P, Snoek LB, Grossmann J, Volkers RJ, Sterken MG, Daube M, Roschitzki B, Fortes C, Schlapbach R, Roth A, von Mering C, Hengartner MO, Schrimpf SP, Kammenga JE.","Mol Cell Proteomics. 2016 May;15(5):1670-80. doi: 10.1074/mcp.M115.052548. Epub 2016 Mar 4.","Kamkina P","Mol Cell Proteomics","2016","2016/03/06","PMC4858947","","10.1074/mcp.M115.052548"
"28079140","Methionine residues around phosphorylation sites are preferentially oxidized in vivo under stress conditions","Veredas FJ, Cantón FR, Aledo JC.","Sci Rep. 2017 Jan 12;7:40403. doi: 10.1038/srep40403.","Veredas FJ","Sci Rep","2017","2017/01/13","PMC5227694","","10.1038/srep40403"
"29142707","Systematic and site-specific analysis of N-sialoglycosylated proteins on the cell surface by integrating click chemistry and MS-based proteomics","Chen W, Smeekens JM, Wu R.","Chem Sci. 2015 Aug 1;6(8):4681-4689. doi: 10.1039/c5sc01124h. Epub 2015 May 26.","Chen W","Chem Sci","2015","2017/11/17","PMC5667505","","10.1039/c5sc01124h"
"28143396","Unsupervised detection of regulatory gene expression information in different genomic regions enables gene expression ranking","Zafrir Z, Tuller T.","BMC Bioinformatics. 2017 Feb 1;18(1):77. doi: 10.1186/s12859-017-1497-z.","Zafrir Z","BMC Bioinformatics","2017","2017/02/02","PMC5286865","","10.1186/s12859-017-1497-z"
"39519170","SARS-CoV-2 Displays a Suboptimal Codon Usage Bias for Efficient Translation in Human Cells Diverted by Hijacking the tRNA Epitranscriptome","Eldin P, David A, Hirtz C, Battini JL, Briant L.","Int J Mol Sci. 2024 Oct 29;25(21):11614. doi: 10.3390/ijms252111614.","Eldin P","Int J Mol Sci","2024","2024/11/09","PMC11546939","","10.3390/ijms252111614"
"25650959","Global mRNA selection mechanisms for translation initiation","Costello J, Castelli LM, Rowe W, Kershaw CJ, Talavera D, Mohammad-Qureshi SS, Sims PF, Grant CM, Pavitt GD, Hubbard SJ, Ashe MP.","Genome Biol. 2015 Jan 5;16(1):10. doi: 10.1186/s13059-014-0559-z.","Costello J","Genome Biol","2015","2015/02/05","PMC4302535","","10.1186/s13059-014-0559-z"
"26673865","Protein aggregation, structural disorder and RNA-binding ability: a new approach for physico-chemical and gene ontology classification of multiple datasets","Klus P, Ponti RD, Livi CM, Tartaglia GG.","BMC Genomics. 2015 Dec 16;16:1071. doi: 10.1186/s12864-015-2280-z.","Klus P","BMC Genomics","2015","2015/12/18","PMC4681139","","10.1186/s12864-015-2280-z"
"30111366","Systems level expression correlation of Ras GTPase regulators","Besray Unal E, Kiel C, Benisty H, Campbell A, Pickering K, Blüthgen N, Sansom OJ, Serrano L.","Cell Commun Signal. 2018 Aug 15;16(1):46. doi: 10.1186/s12964-018-0256-8.","Besray Unal E","Cell Commun Signal","2018","2018/08/17","PMC6094892","","10.1186/s12964-018-0256-8"
"40661473","Translation Accuracy in E. coli","Stikeleather R, Ali F, Ho WC, Licknack T, Lynch M.","bioRxiv [Preprint]. 2025 Jun 11:2025.04.18.649569. doi: 10.1101/2025.04.18.649569.","Stikeleather R","bioRxiv","2025","2025/07/15","PMC12258882","","10.1101/2025.04.18.649569"
"41022793","Visualization of liquid-liquid phase transitions using a tiny G-quadruplex binding protein","Sahoo BR, Deng X, Wong EL, Clark N, Yang HJ, Kovalenko A, Subramanian V, Guzman BB, Harris SE, Dehury B, Miyashita E, Damon Hoff J, Kocman V, Saito H, Dominguez D, Plavec J, Bardwell JCA.","Nat Commun. 2025 Sep 29;16(1):8578. doi: 10.1038/s41467-025-63597-7.","Sahoo BR","Nat Commun","2025","2025/09/29","PMC12480911","","10.1038/s41467-025-63597-7"
"25910242","The structure of the PanD/PanZ protein complex reveals negative feedback regulation of pantothenate biosynthesis by coenzyme A","Monteiro DCF, Patel V, Bartlett CP, Nozaki S, Grant TD, Gowdy JA, Thompson GS, Kalverda AP, Snell EH, Niki H, Pearson AR, Webb ME.","Chem Biol. 2015 Apr 23;22(4):492-503. doi: 10.1016/j.chembiol.2015.03.017.","Monteiro DCF","Chem Biol","2015","2015/04/25","PMC4410942","","10.1016/j.chembiol.2015.03.017"
"34101805","On the specificity of protein-protein interactions in the context of disorder","Teilum K, Olsen JG, Kragelund BB.","Biochem J. 2021 Jun 11;478(11):2035-2050. doi: 10.1042/BCJ20200828.","Teilum K","Biochem J","2021","2021/06/08","PMC8203207","","10.1042/BCJ20200828"
"24934728","Phenotype prediction based on genome-wide DNA methylation data","Wilhelm T.","BMC Bioinformatics. 2014 Jun 17;15:193. doi: 10.1186/1471-2105-15-193.","Wilhelm T","BMC Bioinformatics","2014","2014/06/18","PMC4073816","","10.1186/1471-2105-15-193"
"38700511","Application of quantitative protein mass spectrometric data in the early predictive analysis of membrane-bound target engagement by monoclonal antibodies","Sepp A, Muliaditan M.","MAbs. 2024 Jan-Dec;16(1):2324485. doi: 10.1080/19420862.2024.2324485. Epub 2024 Mar 4.","Sepp A","MAbs","2024","2024/05/03","PMC10936618","","10.1080/19420862.2024.2324485"
"34360784","Occurrence of Calcium Oscillations in Human Spermatozoa Is Based on Spatial Signaling Enzymes Distribution","Korobkin J, Balabin FA, Yakovenko SA, Simonenko EY, Sveshnikova AN.","Int J Mol Sci. 2021 Jul 27;22(15):8018. doi: 10.3390/ijms22158018.","Korobkin J","Int J Mol Sci","2021","2021/08/07","PMC8347727","","10.3390/ijms22158018"
"26985669","Natural Genetic Variation Influences Protein Abundances in C. elegans Developmental Signalling Pathways","Singh KD, Roschitzki B, Snoek LB, Grossmann J, Zheng X, Elvin M, Kamkina P, Schrimpf SP, Poulin GB, Kammenga JE, Hengartner MO.","PLoS One. 2016 Mar 17;11(3):e0149418. doi: 10.1371/journal.pone.0149418. eCollection 2016.","Singh KD","PLoS One","2016","2016/03/18","PMC4795773","","10.1371/journal.pone.0149418"
"28693620","Development of an in silico method for the identification of subcomplexes involved in the biogenesis of multiprotein complexes in Saccharomyces cerevisiae","Glatigny A, Gambette P, Bourand-Plantefol A, Dujardin G, Mucchielli-Giorgi MH.","BMC Syst Biol. 2017 Jul 11;11(1):67. doi: 10.1186/s12918-017-0442-0.","Glatigny A","BMC Syst Biol","2017","2017/07/12","PMC5504824","","10.1186/s12918-017-0442-0"
"28705884","Quantitative analysis of protein interaction network dynamics in yeast","Celaj A, Schlecht U, Smith JD, Xu W, Suresh S, Miranda M, Aparicio AM, Proctor M, Davis RW, Roth FP, St Onge RP.","Mol Syst Biol. 2017 Jul 13;13(7):934. doi: 10.15252/msb.20177532.","Celaj A","Mol Syst Biol","2017","2017/07/15","PMC5527849","","10.15252/msb.20177532"
"28135269","An Asymmetrically Balanced Organization of Kinases versus Phosphatases across Eukaryotes Determines Their Distinct Impacts","Smoly I, Shemesh N, Ziv-Ukelson M, Ben-Zvi A, Yeger-Lotem E.","PLoS Comput Biol. 2017 Jan 30;13(1):e1005221. doi: 10.1371/journal.pcbi.1005221. eCollection 2017 Jan.","Smoly I","PLoS Comput Biol","2017","2017/01/31","PMC5279721","","10.1371/journal.pcbi.1005221"
"27909051","The Chaperone Activity and Substrate Spectrum of Human Small Heat Shock Proteins","Mymrikov EV, Daake M, Richter B, Haslbeck M, Buchner J.","J Biol Chem. 2017 Jan 13;292(2):672-684. doi: 10.1074/jbc.M116.760413. Epub 2016 Nov 30.","Mymrikov EV","J Biol Chem","2017","2016/12/03","PMC5241741","","10.1074/jbc.M116.760413"
"33315891","Proteostasis is adaptive: Balancing chaperone holdases against foldases","de Graff AM, Mosedale DE, Sharp T, Dill KA, Grainger DJ.","PLoS Comput Biol. 2020 Dec 14;16(12):e1008460. doi: 10.1371/journal.pcbi.1008460. eCollection 2020 Dec.","de Graff AM","PLoS Comput Biol","2020","2020/12/14","PMC7769611","","10.1371/journal.pcbi.1008460"
"37144502","A network of DZF proteins controls alternative splicing regulation and fidelity","Haque N, Will A, Cook AG, Hogg JR.","Nucleic Acids Res. 2023 Jul 7;51(12):6411-6429. doi: 10.1093/nar/gkad351.","Haque N","Nucleic Acids Res","2023","2023/05/05","PMC10325889","","10.1093/nar/gkad351"
"39554013","Visualization of liquid-liquid phase transitions using a tiny G-quadruplex binding protein","Sahoo BR, Deng X, Wong EL, Clark N, Yang HJ, Kovalenko A, Subramanian V, Guzman BB, Harris SE, Dehury B, Miyashita E, Hoff JD, Kocman V, Saito H, Dominguez D, Plavec J, Bardwell JCA.","bioRxiv [Preprint]. 2025 Sep 5:2023.10.09.561572. doi: 10.1101/2023.10.09.561572.","Sahoo BR","bioRxiv","2025","2024/11/18","PMC11565804","","10.1101/2023.10.09.561572"
"40963025","Covariation MS uncovers a protein that controls cysteine catabolism","Xiao H, Ordonez M, Fink EC, Covington TA, Woldemichael HB, Chen J, Jain MS, Rohatgi MH, Wei SM, Burger N, Sharif MA, Jan J, Wang Y, Petrocelli JJ, Blackmore K, Smythers AL, Zhang B, Gilbert M, Cheong H, Khetarpal SA, Smith A, Bogoslavski D, Lei Y, Vaites LP, McAllister FE, Van Bruggen N, Donovan KA, Huttlin EL, Mills EL, Fischer ES, Chouchani ET.","Nature. 2025 Sep 17. doi: 10.1038/s41586-025-09535-5. Online ahead of print.","Xiao H","Nature","2025","2025/09/17","","","10.1038/s41586-025-09535-5"
"26246046","Nucleotide sequence composition adjacent to intronic splice sites improves splicing efficiency via its effect on pre-mRNA local folding in fungi","Zafrir Z, Tuller T.","RNA. 2015 Oct;21(10):1704-18. doi: 10.1261/rna.051268.115. Epub 2015 Aug 5.","Zafrir Z","RNA","2015","2015/08/07","PMC4574748","","10.1261/rna.051268.115"
"27492233","A Genome-Scale Investigation of How Sequence, Function, and Tree-Based Gene Properties Influence Phylogenetic Inference","Shen XX, Salichos L, Rokas A.","Genome Biol Evol. 2016 Sep 2;8(8):2565-80. doi: 10.1093/gbe/evw179.","Shen XX","Genome Biol Evol","2016","2016/08/06","PMC5010910","","10.1093/gbe/evw179"
"38412299","UPF1 ATPase autoinhibition and activation modulate RNA binding kinetics and NMD efficiency","Chapman JH, Youle AM, Grimme AL, Neuman KC, Hogg JR.","Nucleic Acids Res. 2024 May 22;52(9):5376-5391. doi: 10.1093/nar/gkae136.","Chapman JH","Nucleic Acids Res","2024","2024/02/27","PMC11109973","","10.1093/nar/gkae136"
"23705851","Computational modelling of the regulation of Insulin signalling by oxidative stress","Smith GR, Shanley DP.","BMC Syst Biol. 2013 May 24;7:41. doi: 10.1186/1752-0509-7-41.","Smith GR","BMC Syst Biol","2013","2013/05/28","PMC3668293","","10.1186/1752-0509-7-41"
"27429783","Biophysically inspired model for functionalized nanocarrier adhesion to cell surface: roles of protein expression and mechanical factors","Ramakrishnan N, Tourdot RW, Eckmann DM, Ayyaswamy PS, Muzykantov VR, Radhakrishnan R.","R Soc Open Sci. 2016 Jun 29;3(6):160260. doi: 10.1098/rsos.160260. eCollection 2016 Jun.","Ramakrishnan N","R Soc Open Sci","2016","2016/07/19","PMC4929918","","10.1098/rsos.160260"
"30245847","Context-dependent prediction of protein complexes by SiComPre","Rizzetto S, Moyseos P, Baldacci B, Priami C, Csikász-Nagy A.","NPJ Syst Biol Appl. 2018 Sep 17;4:37. doi: 10.1038/s41540-018-0073-0. eCollection 2018.","Rizzetto S","NPJ Syst Biol Appl","2018","2018/09/25","PMC6141528","","10.1038/s41540-018-0073-0"
"24449617","Lysine deacetylase (KDAC) regulatory pathways: an alternative approach to selective modulation","Van Dyke MW.","ChemMedChem. 2014 Mar;9(3):511-22. doi: 10.1002/cmdc.201300444. Epub 2014 Jan 21.","Van Dyke MW","ChemMedChem","2014","2014/01/23","PMC4105970","NIHMS577381","10.1002/cmdc.201300444"
"34858137","A Standardized Brain Molecular Atlas: A Resource for Systems Modeling and Simulation","Shichkova P, Coggan JS, Markram H, Keller D.","Front Mol Neurosci. 2021 Nov 10;14:604559. doi: 10.3389/fnmol.2021.604559. eCollection 2021.","Shichkova P","Front Mol Neurosci","2021","2021/12/03","PMC8631404","","10.3389/fnmol.2021.604559"
"24838764","APols-aided protein precipitation: a rapid method for concentrating proteins for proteomic analysis","Ning Z, Hawley B, Seebun D, Figeys D.","J Membr Biol. 2014 Oct;247(9-10):941-7. doi: 10.1007/s00232-014-9668-6. Epub 2014 May 18.","Ning Z","J Membr Biol","2014","2014/05/20","PMC4196042","","10.1007/s00232-014-9668-6"
"27848897","Bioinformatics and Drug Discovery","Xia X.","Curr Top Med Chem. 2017;17(15):1709-1726. doi: 10.2174/1568026617666161116143440.","Xia X","Curr Top Med Chem","2017","2016/11/17","PMC5421137","","10.2174/1568026617666161116143440"
"26514574","Complex stability and dynamic subunit interchange modulates the disparate activities of the yeast moonlighting proteins Hal3 and Vhs3","Abrie JA, Molero C, Ariño J, Strauss E.","Sci Rep. 2015 Oct 30;5:15774. doi: 10.1038/srep15774.","Abrie JA","Sci Rep","2015","2015/10/31","PMC4626798","","10.1038/srep15774"
"28292901","Bacterial proteostasis balances energy and chaperone utilization efficiently","Santra M, Farrell DW, Dill KA.","Proc Natl Acad Sci U S A. 2017 Mar 28;114(13):E2654-E2661. doi: 10.1073/pnas.1620646114. Epub 2017 Mar 14.","Santra M","Proc Natl Acad Sci U S A","2017","2017/03/16","PMC5380058","","10.1073/pnas.1620646114"
"28298210","Delineating functional principles of the bow tie structure of a kinase-phosphatase network in the budding yeast","Abd-Rabbo D, Michnick SW.","BMC Syst Biol. 2017 Mar 16;11(1):38. doi: 10.1186/s12918-017-0418-0.","Abd-Rabbo D","BMC Syst Biol","2017","2017/03/17","PMC5353956","","10.1186/s12918-017-0418-0"
"39536748","PARP enzyme de novo synthesis of protein-free poly(ADP-ribose)","Langelier MF, Mirhasan M, Gilbert K, Sverzhinksy A, Furtos A, Pascal JM.","Mol Cell. 2024 Dec 19;84(24):4758-4773.e6. doi: 10.1016/j.molcel.2024.10.024. Epub 2024 Nov 12.","Langelier MF","Mol Cell","2024","2024/11/13","PMC11664634","NIHMS2031093","10.1016/j.molcel.2024.10.024"
"23184996","Cellular crowding imposes global constraints on the chemistry and evolution of proteomes","Levy ED, De S, Teichmann SA.","Proc Natl Acad Sci U S A. 2012 Dec 11;109(50):20461-6. doi: 10.1073/pnas.1209312109. Epub 2012 Nov 26.","Levy ED","Proc Natl Acad Sci U S A","2012","2012/11/28","PMC3528536","","10.1073/pnas.1209312109"
"23630264","Glycolytic strategy as a tradeoff between energy yield and protein cost","Flamholz A, Noor E, Bar-Even A, Liebermeister W, Milo R.","Proc Natl Acad Sci U S A. 2013 Jun 11;110(24):10039-44. doi: 10.1073/pnas.1215283110. Epub 2013 Apr 29.","Flamholz A","Proc Natl Acad Sci U S A","2013","2013/05/01","PMC3683749","","10.1073/pnas.1215283110"
"23203882","The PRoteomics IDEntifications (PRIDE) database and associated tools: status in 2013","Vizcaíno JA, Côté RG, Csordas A, Dianes JA, Fabregat A, Foster JM, Griss J, Alpi E, Birim M, Contell J, O'Kelly G, Schoenegger A, Ovelleiro D, Pérez-Riverol Y, Reisinger F, Ríos D, Wang R, Hermjakob H.","Nucleic Acids Res. 2013 Jan;41(Database issue):D1063-9. doi: 10.1093/nar/gks1262. Epub 2012 Nov 29.","Vizcaíno JA","Nucleic Acids Res","2013","2012/12/04","PMC3531176","","10.1093/nar/gks1262"
"27048349","Genic insights from integrated human proteomics in GeneCards","Fishilevich S, Zimmerman S, Kohn A, Iny Stein T, Olender T, Kolker E, Safran M, Lancet D.","Database (Oxford). 2016 Apr 5;2016:baw030. doi: 10.1093/database/baw030. Print 2016.","Fishilevich S","Database (Oxford)","2016","2016/04/07","PMC4820835","","10.1093/database/baw030"
"33803875","The In Vitro Interaction of 12-Oxophytodienoic Acid and Related Conjugated Carbonyl Compounds with Thiol Antioxidants","Maynard D, Viehhauser A, Knieper M, Dreyer A, Manea G, Telman W, Butter F, Chibani K, Scheibe R, Dietz KJ.","Biomolecules. 2021 Mar 18;11(3):457. doi: 10.3390/biom11030457.","Maynard D","Biomolecules","2021","2021/04/03","PMC8003295","","10.3390/biom11030457"
"25973932","The 4E-BP Caf20p Mediates Both eIF4E-Dependent and Independent Repression of Translation","Castelli LM, Talavera D, Kershaw CJ, Mohammad-Qureshi SS, Costello JL, Rowe W, Sims PF, Grant CM, Hubbard SJ, Ashe MP, Pavitt GD.","PLoS Genet. 2015 May 14;11(5):e1005233. doi: 10.1371/journal.pgen.1005233. eCollection 2015 May.","Castelli LM","PLoS Genet","2015","2015/05/15","PMC4431810","","10.1371/journal.pgen.1005233"
"25890263","Spatially-resolved metabolic cooperativity within dense bacterial colonies","Cole JA, Kohler L, Hedhli J, Luthey-Schulten Z.","BMC Syst Biol. 2015 Mar 18;9:15. doi: 10.1186/s12918-015-0155-1.","Cole JA","BMC Syst Biol","2015","2015/04/19","PMC4376365","","10.1186/s12918-015-0155-1"
"34810219","Intergenic ORFs as elementary structural modules of de novo gene birth and protein evolution","Papadopoulos C, Callebaut I, Gelly JC, Hatin I, Namy O, Renard M, Lespinet O, Lopes A.","Genome Res. 2021 Dec;31(12):2303-2315. doi: 10.1101/gr.275638.121. Epub 2021 Nov 22.","Papadopoulos C","Genome Res","2021","2021/11/23","PMC8647833","","10.1101/gr.275638.121"
"29789295","Integration of protein phosphorylation, acetylation, and methylation data sets to outline lung cancer signaling networks","Grimes M, Hall B, Foltz L, Levy T, Rikova K, Gaiser J, Cook W, Smirnova E, Wheeler T, Clark NR, Lachmann A, Zhang B, Hornbeck P, Ma'ayan A, Comb M.","Sci Signal. 2018 May 22;11(531):eaaq1087. doi: 10.1126/scisignal.aaq1087.","Grimes M","Sci Signal","2018","2018/05/24","PMC6822907","NIHMS1055455","10.1126/scisignal.aaq1087"
"25194849","A sentinel protein assay for simultaneously quantifying cellular processes","Soste M, Hrabakova R, Wanka S, Melnik A, Boersema P, Maiolica A, Wernas T, Tognetti M, von Mering C, Picotti P.","Nat Methods. 2014 Oct;11(10):1045-8. doi: 10.1038/nmeth.3101. Epub 2014 Sep 7.","Soste M","Nat Methods","2014","2014/09/08","","","10.1038/nmeth.3101"
"37279504","The Evolutionary Constraints on Angiosperm Chloroplast Adaptation","Robbins EHJ, Kelly S.","Genome Biol Evol. 2023 Jun 1;15(6):evad101. doi: 10.1093/gbe/evad101.","Robbins EHJ","Genome Biol Evol","2023","2023/06/06","PMC10279810","","10.1093/gbe/evad101"
"34612597","Multistability maintains redox homeostasis in human cells","Huang JH, Co HK, Lee YC, Wu CC, Chen SH.","Mol Syst Biol. 2021 Oct;17(10):e10480. doi: 10.15252/msb.202110480.","Huang JH","Mol Syst Biol","2021","2021/10/06","PMC8493564","","10.15252/msb.202110480"
"28221134","Human Nup98 regulates the localization and activity of DExH/D-box helicase DHX9","Capitanio JS, Montpetit B, Wozniak RW.","Elife. 2017 Feb 21;6:e18825. doi: 10.7554/eLife.18825.","Capitanio JS","Elife","2017","2017/02/22","PMC5338925","","10.7554/eLife.18825"
"29163358","Reactive Oxygen Species Link Gonadotropin-Releasing Hormone Receptor Signaling Cascades in the Gonadotrope","Terasaka T, Adakama ME, Li S, Kim T, Terasaka E, Li D, Lawson MA.","Front Endocrinol (Lausanne). 2017 Oct 30;8:286. doi: 10.3389/fendo.2017.00286. eCollection 2017.","Terasaka T","Front Endocrinol (Lausanne)","2017","2017/11/23","PMC5671645","","10.3389/fendo.2017.00286"
"27644981","Protein turnover measurement using selected reaction monitoring-mass spectrometry (SRM-MS)","Holman SW, Hammond DE, Simpson DM, Waters J, Hurst JL, Beynon RJ.","Philos Trans A Math Phys Eng Sci. 2016 Oct 28;374(2079):20150362. doi: 10.1098/rsta.2015.0362.","Holman SW","Philos Trans A Math Phys Eng Sci","2016","2016/09/21","PMC5031629","","10.1098/rsta.2015.0362"
"38866019","Single-molecule imaging reveals the mechanism of bidirectional replication initiation in metazoa","Terui R, Berger SE, Sambel LA, Song D, Chistol G.","Cell. 2024 Jul 25;187(15):3992-4009.e25. doi: 10.1016/j.cell.2024.05.024. Epub 2024 Jun 11.","Terui R","Cell","2024","2024/06/12","PMC11283366","NIHMS2003547","10.1016/j.cell.2024.05.024"
"36271358","The protein aggregation inhibitor YAT2150 has potent antimalarial activity in Plasmodium falciparum in vitro cultures","Bouzón-Arnáiz I, Avalos-Padilla Y, Biosca A, Caño-Prades O, Román-Álamo L, Valle J, Andreu D, Moita D, Prudêncio M, Arce EM, Muñoz-Torrero D, Fernàndez-Busquets X.","BMC Biol. 2022 Oct 22;20(1):197. doi: 10.1186/s12915-022-01374-4.","Bouzón-Arnáiz I","BMC Biol","2022","2022/10/22","PMC9587658","","10.1186/s12915-022-01374-4"
"36334589","Architecture of the outbred brown fat proteome defines regulators of metabolic physiology","Xiao H, Bozi LHM, Sun Y, Riley CL, Philip VM, Chen M, Li J, Zhang T, Mills EL, Emont MP, Sun W, Reddy A, Garrity R, Long J, Becher T, Vitas LP, Laznik-Bogoslavski D, Ordonez M, Liu X, Chen X, Wang Y, Liu W, Tran N, Liu Y, Zhang Y, Cypess AM, White AP, He Y, Deng R, Schöder H, Paulo JA, Jedrychowski MP, Banks AS, Tseng YH, Cohen P, Tsai LT, Rosen ED, Klein S, Chondronikola M, McAllister FE, Van Bruggen N, Huttlin EL, Spiegelman BM, Churchill GA, Gygi SP, Chouchani ET.","Cell. 2022 Nov 23;185(24):4654-4673.e28. doi: 10.1016/j.cell.2022.10.003. Epub 2022 Nov 4.","Xiao H","Cell","2022","2022/11/05","PMC10040263","NIHMS1841787","10.1016/j.cell.2022.10.003"
"27297468","Coevolution between Stop Codon Usage and Release Factors in Bacterial Species","Wei Y, Wang J, Xia X.","Mol Biol Evol. 2016 Sep;33(9):2357-67. doi: 10.1093/molbev/msw107. Epub 2016 Jun 13.","Wei Y","Mol Biol Evol","2016","2016/06/15","PMC4989110","","10.1093/molbev/msw107"
"30626384","Integration of enzymatic data in Bacillus subtilis genome-scale metabolic model improves phenotype predictions and enables in silico design of poly-γ-glutamic acid production strains","Massaiu I, Pasotti L, Sonnenschein N, Rama E, Cavaletti M, Magni P, Calvio C, Herrgård MJ.","Microb Cell Fact. 2019 Jan 9;18(1):3. doi: 10.1186/s12934-018-1052-2.","Massaiu I","Microb Cell Fact","2019","2019/01/11","PMC6325765","","10.1186/s12934-018-1052-2"
"24561808","Deciphering the rules by which dynamics of mRNA secondary structure affect translation efficiency in Saccharomyces cerevisiae","Mao Y, Liu H, Liu Y, Tao S.","Nucleic Acids Res. 2014 Apr;42(8):4813-22. doi: 10.1093/nar/gku159. Epub 2014 Feb 21.","Mao Y","Nucleic Acids Res","2014","2014/02/25","PMC4005662","","10.1093/nar/gku159"
"29545534","Zinc knuckle of TAF1 is a DNA binding module critical for TFIID promoter occupancy","Curran EC, Wang H, Hinds TR, Zheng N, Wang EH.","Sci Rep. 2018 Mar 15;8(1):4630. doi: 10.1038/s41598-018-22879-5.","Curran EC","Sci Rep","2018","2018/03/17","PMC5854669","","10.1038/s41598-018-22879-5"
"24171104","Global cellular response to chemotherapy-induced apoptosis","Wiita AP, Ziv E, Wiita PJ, Urisman A, Julien O, Burlingame AL, Weissman JS, Wells JA.","Elife. 2013 Oct 29;2:e01236. doi: 10.7554/eLife.01236.","Wiita AP","Elife","2013","2013/10/31","PMC3808542","","10.7554/eLife.01236"
"31961323","Receptor-based mechanism of relative sensing and cell memory in mammalian signaling networks","Lyashenko E, Niepel M, Dixit PD, Lim SK, Sorger PK, Vitkup D.","Elife. 2020 Jan 21;9:e50342. doi: 10.7554/eLife.50342.","Lyashenko E","Elife","2020","2020/01/22","PMC7046471","","10.7554/eLife.50342"
"28598992","Ribosome reinitiation can explain length-dependent translation of messenger RNA","Rogers DW, Böttcher MA, Traulsen A, Greig D.","PLoS Comput Biol. 2017 Jun 9;13(6):e1005592. doi: 10.1371/journal.pcbi.1005592. eCollection 2017 Jun.","Rogers DW","PLoS Comput Biol","2017","2017/06/10","PMC5482490","","10.1371/journal.pcbi.1005592"
"28854629","Position Matters: Network Centrality Considerably Impacts Rates of Protein Evolution in the Human Protein-Protein Interaction Network","Alvarez-Ponce D, Feyertag F, Chakraborty S.","Genome Biol Evol. 2017 Jun 1;9(6):1742-1756. doi: 10.1093/gbe/evx117.","Alvarez-Ponce D","Genome Biol Evol","2017","2017/09/01","PMC5570066","","10.1093/gbe/evx117"
"29161365","Genome scale analysis of Escherichia coli with a comprehensive prokaryotic sequence-based biophysical model of translation initiation and elongation","Shaham G, Tuller T.","DNA Res. 2018 Apr 1;25(2):195-205. doi: 10.1093/dnares/dsx049.","Shaham G","DNA Res","2018","2017/11/22","PMC6012489","","10.1093/dnares/dsx049"
"28918244","Determinants and Regulation of Protein Turnover in Yeast","Martin-Perez M, Villén J.","Cell Syst. 2017 Sep 27;5(3):283-294.e5. doi: 10.1016/j.cels.2017.08.008. Epub 2017 Sep 13.","Martin-Perez M","Cell Syst","2017","2017/09/18","PMC5935796","NIHMS907118","10.1016/j.cels.2017.08.008"
"28837810","Defining Human Tyrosine Kinase Phosphorylation Networks Using Yeast as an In Vivo Model Substrate","Corwin T, Woodsmith J, Apelt F, Fontaine JF, Meierhofer D, Helmuth J, Grossmann A, Andrade-Navarro MA, Ballif BA, Stelzl U.","Cell Syst. 2017 Aug 23;5(2):128-139.e4. doi: 10.1016/j.cels.2017.08.001.","Corwin T","Cell Syst","2017","2017/08/25","PMC6425277","NIHMS1006770","10.1016/j.cels.2017.08.001"
"24113281","Sirtuin 7 plays a role in ribosome biogenesis and protein synthesis","Tsai YC, Greco TM, Cristea IM.","Mol Cell Proteomics. 2014 Jan;13(1):73-83. doi: 10.1074/mcp.M113.031377. Epub 2013 Oct 10.","Tsai YC","Mol Cell Proteomics","2014","2013/10/12","PMC3879631","","10.1074/mcp.M113.031377"
"24850727","E1-mediated recruitment of a UAF1-USP deubiquitinase complex facilitates human papillomavirus DNA replication","Lehoux M, Gagnon D, Archambault J.","J Virol. 2014 Aug;88(15):8545-55. doi: 10.1128/JVI.00379-14. Epub 2014 May 21.","Lehoux M","J Virol","2014","2014/05/23","PMC4135941","","10.1128/JVI.00379-14"
"26818742","Confirmation of a Protein-Protein Interaction in the Pantothenate Biosynthetic Pathway by Using Sortase-Mediated Labelling","Morrison PM, Balmforth MR, Ness SW, Williamson DJ, Rugen MD, Turnbull WB, Webb ME.","Chembiochem. 2016 Apr 15;17(8):753-8. doi: 10.1002/cbic.201500547. Epub 2016 Mar 1.","Morrison PM","Chembiochem","2016","2016/01/29","PMC5963676","EMS77671","10.1002/cbic.201500547"
"39690206","A consensus platform for antibody characterization","Ayoubi R, Ryan J, Gonzalez Bolivar S, Alende C, Ruiz Moleon V, Fotouhi M, Alqazzaz M, Southern K, Alshafie W, Baker MR, Ball AR Jr, Callahan D, Cooper JA, Crosby K, Harvey KJ, Houston DW, Kumaran R, Rego M, Schofield C, Wu H, Biddle MS, Brown CM, Kahn RA, Bandrowski A, Virk HS, Edwards AM, McPherson PS, Laflamme C.","Nat Protoc. 2025 Jun;20(6):1509-1545. doi: 10.1038/s41596-024-01095-8. Epub 2024 Dec 17.","Ayoubi R","Nat Protoc","2025","2024/12/17","","","10.1038/s41596-024-01095-8"
"27733515","Importance of Translocon Subunit Tic56 for rRNA Processing and Chloroplast Ribosome Assembly","Köhler D, Helm S, Agne B, Baginsky S.","Plant Physiol. 2016 Dec;172(4):2429-2444. doi: 10.1104/pp.16.01393. Epub 2016 Oct 12.","Köhler D","Plant Physiol","2016","2016/10/14","PMC5129725","","10.1104/pp.16.01393"
"25859428","Prolongation of Chemically-Induced Methemoglobinemia in Mice Lacking α-synuclein: A Novel Pharmacologic and Toxicologic Phenotype","Kuo YM, Nussbaum RL.","Toxicol Rep. 2015;2:504-511. doi: 10.1016/j.toxrep.2015.02.013.","Kuo YM","Toxicol Rep","2015","2015/04/11","PMC4386288","NIHMS675215","10.1016/j.toxrep.2015.02.013"
"31405984","Energy metabolism controls phenotypes by protein efficiency and allocation","Chen Y, Nielsen J.","Proc Natl Acad Sci U S A. 2019 Aug 27;116(35):17592-17597. doi: 10.1073/pnas.1906569116. Epub 2019 Aug 12.","Chen Y","Proc Natl Acad Sci U S A","2019","2019/08/14","PMC6717264","","10.1073/pnas.1906569116"
"24097060","Structural basis for the MukB-topoisomerase IV interaction and its functional implications in vivo","Vos SM, Stewart NK, Oakley MG, Berger JM.","EMBO J. 2013 Nov 13;32(22):2950-62. doi: 10.1038/emboj.2013.218. Epub 2013 Oct 4.","Vos SM","EMBO J","2013","2013/10/08","PMC3832749","","10.1038/emboj.2013.218"
"24870543","Mass-spectrometry-based draft of the human proteome","Wilhelm M, Schlegl J, Hahne H, Gholami AM, Lieberenz M, Savitski MM, Ziegler E, Butzmann L, Gessulat S, Marx H, Mathieson T, Lemeer S, Schnatbaum K, Reimer U, Wenschuh H, Mollenhauer M, Slotta-Huspenina J, Boese JH, Bantscheff M, Gerstmair A, Faerber F, Kuster B.","Nature. 2014 May 29;509(7502):582-7. doi: 10.1038/nature13319.","Wilhelm M","Nature","2014","2014/05/30","","","10.1038/nature13319"
"24813883","Isolation of chromatin from dysfunctional telomeres reveals an important role for Ring1b in NHEJ-mediated chromosome fusions","Bartocci C, Diedrich JK, Ouzounov I, Li J, Piunti A, Pasini D, Yates JR 3rd, Lazzerini Denchi E.","Cell Rep. 2014 May 22;7(4):1320-32. doi: 10.1016/j.celrep.2014.04.002. Epub 2014 May 9.","Bartocci C","Cell Rep","2014","2014/05/13","PMC4054697","NIHMS586251","10.1016/j.celrep.2014.04.002"
"28181418","Mathematical modeling of the effects of CK2.3 on mineralization in osteoporotic bone","Lisberg A, Ellis R, Nicholson K, Moku P, Swarup A, Dhurjati P, Nohe A.","CPT Pharmacometrics Syst Pharmacol. 2017 Mar;6(3):208-215. doi: 10.1002/psp4.12154. Epub 2017 Feb 9.","Lisberg A","CPT Pharmacometrics Syst Pharmacol","2017","2017/02/10","PMC5351412","","10.1002/psp4.12154"
"28779093","Reactivity of human AGO2 monoclonal antibody 11A9 with the SWI/SNF complex: A case study for rigorously defining antibody selectivity","van Eijl RAPM, van den Brand T, Nguyen LN, Mulder KW.","Sci Rep. 2017 Aug 4;7(1):7278. doi: 10.1038/s41598-017-07539-4.","van Eijl RAPM","Sci Rep","2017","2017/08/06","PMC5544689","","10.1038/s41598-017-07539-4"
"28783726","Proteins evolve on the edge of supramolecular self-assembly","Garcia-Seisdedos H, Empereur-Mot C, Elad N, Levy ED.","Nature. 2017 Aug 10;548(7666):244-247. doi: 10.1038/nature23320. Epub 2017 Aug 2.","Garcia-Seisdedos H","Nature","2017","2017/08/08","","","10.1038/nature23320"
"26449181","Exploring the potential of public proteomics data","Vaudel M, Verheggen K, Csordas A, Raeder H, Berven FS, Martens L, Vizcaíno JA, Barsnes H.","Proteomics. 2016 Jan;16(2):214-25. doi: 10.1002/pmic.201500295. Epub 2015 Dec 15.","Vaudel M","Proteomics","2016","2015/10/10","PMC4738454","","10.1002/pmic.201500295"
"29106664","ProteomicsDB","Schmidt T, Samaras P, Frejno M, Gessulat S, Barnert M, Kienegger H, Krcmar H, Schlegl J, Ehrlich HC, Aiche S, Kuster B, Wilhelm M.","Nucleic Acids Res. 2018 Jan 4;46(D1):D1271-D1281. doi: 10.1093/nar/gkx1029.","Schmidt T","Nucleic Acids Res","2018","2017/11/07","PMC5753189","","10.1093/nar/gkx1029"
"23501838","Cleaning up the masses: exclusion lists to reduce contamination with HPLC-MS/MS","Hodge K, Have ST, Hutton L, Lamond AI.","J Proteomics. 2013 Aug 2;88:92-103. doi: 10.1016/j.jprot.2013.02.023. Epub 2013 Mar 15.","Hodge K","J Proteomics","2013","2013/03/19","PMC3714598","","10.1016/j.jprot.2013.02.023"
"25569619","The yeast La related protein Slf1p is a key activator of translation during the oxidative stress response","Kershaw CJ, Costello JL, Castelli LM, Talavera D, Rowe W, Sims PF, Ashe MP, Hubbard SJ, Pavitt GD, Grant CM.","PLoS Genet. 2015 Jan 8;11(1):e1004903. doi: 10.1371/journal.pgen.1004903. eCollection 2015 Jan.","Kershaw CJ","PLoS Genet","2015","2015/01/09","PMC4287443","","10.1371/journal.pgen.1004903"
"29024340","Multiple marker abundance profiling: combining selected reaction monitoring and data-dependent acquisition for rapid estimation of organelle abundance in subcellular samples","Hooper CM, Stevens TJ, Saukkonen A, Castleden IR, Singh P, Mann GW, Fabre B, Ito J, Deery MJ, Lilley KS, Petzold CJ, Millar AH, Heazlewood JL, Parsons HT.","Plant J. 2017 Dec;92(6):1202-1217. doi: 10.1111/tpj.13743. Epub 2017 Nov 20.","Hooper CM","Plant J","2017","2017/10/13","PMC5863471","","10.1111/tpj.13743"
"25857810","Multidimensional proteomics for cell biology","Larance M, Lamond AI.","Nat Rev Mol Cell Biol. 2015 May;16(5):269-80. doi: 10.1038/nrm3970. Epub 2015 Apr 10.","Larance M","Nat Rev Mol Cell Biol","2015","2015/04/11","","","10.1038/nrm3970"
"22889910","Protein abundance is key to distinguish promiscuous from functional phosphorylation based on evolutionary information","Levy ED, Michnick SW, Landry CR.","Philos Trans R Soc Lond B Biol Sci. 2012 Sep 19;367(1602):2594-606. doi: 10.1098/rstb.2012.0078.","Levy ED","Philos Trans R Soc Lond B Biol Sci","2012","2012/08/15","PMC3415844","","10.1098/rstb.2012.0078"
"33996892","Abundance Imparts Evolutionary Constraints of Similar Magnitude on the Buried, Surface, and Disordered Regions of Proteins","Dubreuil B, Levy ED.","Front Mol Biosci. 2021 Apr 30;8:626729. doi: 10.3389/fmolb.2021.626729. eCollection 2021.","Dubreuil B","Front Mol Biosci","2021","2021/05/17","PMC8119896","","10.3389/fmolb.2021.626729"
"23468649","ISWI and CHD chromatin remodelers bind promoters but act in gene bodies","Zentner GE, Tsukiyama T, Henikoff S.","PLoS Genet. 2013;9(2):e1003317. doi: 10.1371/journal.pgen.1003317. Epub 2013 Feb 28.","Zentner GE","PLoS Genet","2013","2013/03/08","PMC3585014","","10.1371/journal.pgen.1003317"
"23157382","Proteomics-based methods for discovery, quantification, and validation of protein-protein interactions","Miteva YV, Budayeva HG, Cristea IM.","Anal Chem. 2013 Jan 15;85(2):749-68. doi: 10.1021/ac3033257. Epub 2012 Dec 12.","Miteva YV","Anal Chem","2013","2012/11/20","PMC3666915","NIHMS424883","10.1021/ac3033257"
"23056364","Independent effects of protein core size and expression on residue-level structure-evolution relationships","Franzosa EA, Xia Y.","PLoS One. 2012;7(10):e46602. doi: 10.1371/journal.pone.0046602. Epub 2012 Oct 3.","Franzosa EA","PLoS One","2012","2012/10/12","PMC3463513","","10.1371/journal.pone.0046602"
"35349591","Ionizing radiation and chemical oxidant exposure impacts on Cryptococcus neoformans transfer RNAs","Kelley M, Paulines MJ, Yoshida G, Myers R, Jora M, Levoy JP, Addepalli B, Benoit JB, Limbach PA.","PLoS One. 2022 Mar 29;17(3):e0266239. doi: 10.1371/journal.pone.0266239. eCollection 2022.","Kelley M","PLoS One","2022","2022/03/29","PMC8963569","","10.1371/journal.pone.0266239"
"30211544","Human eIF5 and eIF1A Compete for Binding to eIF5B","Lin KY, Nag N, Pestova TV, Marintchev A.","Biochemistry. 2018 Oct 9;57(40):5910-5920. doi: 10.1021/acs.biochem.8b00839. Epub 2018 Sep 26.","Lin KY","Biochemistry","2018","2018/09/14","PMC6177315","NIHMS989352","10.1021/acs.biochem.8b00839"
"35482425","Low Complexity Regions in Mammalian Proteins are Associated with Low Protein Abundance and High Transcript Abundance","Dickson ZW, Golding GB.","Mol Biol Evol. 2022 May 3;39(5):msac087. doi: 10.1093/molbev/msac087.","Dickson ZW","Mol Biol Evol","2022","2022/04/28","PMC9070799","","10.1093/molbev/msac087"
"30066640","A study on multi-omic oscillations in Escherichia coli metabolic networks","Bardozzo F, Lió P, Tagliaferri R.","BMC Bioinformatics. 2018 Jul 9;19(Suppl 7):194. doi: 10.1186/s12859-018-2175-5.","Bardozzo F","BMC Bioinformatics","2018","2018/08/02","PMC6069781","","10.1186/s12859-018-2175-5"
"24169404","Promoters maintain their relative activity levels under different growth conditions","Keren L, Zackay O, Lotan-Pompan M, Barenholz U, Dekel E, Sasson V, Aidelberg G, Bren A, Zeevi D, Weinberger A, Alon U, Milo R, Segal E.","Mol Syst Biol. 2013 Oct 29;9:701. doi: 10.1038/msb.2013.59.","Keren L","Mol Syst Biol","2013","2013/10/31","PMC3817408","","10.1038/msb.2013.59"
"24952186","A mass spectrometry view of stable and transient protein interactions","Budayeva HG, Cristea IM.","Adv Exp Med Biol. 2014;806:263-82. doi: 10.1007/978-3-319-06068-2_11.","Budayeva HG","Adv Exp Med Biol","2014","2014/06/22","PMC5978421","NIHMS934293","10.1007/978-3-319-06068-2_11"
"24764295","Non-repair pathways for minimizing protein isoaspartyl damage in the yeast Saccharomyces cerevisiae","Patananan AN, Capri J, Whitelegge JP, Clarke SG.","J Biol Chem. 2014 Jun 13;289(24):16936-53. doi: 10.1074/jbc.M114.564385. Epub 2014 Apr 24.","Patananan AN","J Biol Chem","2014","2014/04/26","PMC4059137","","10.1074/jbc.M114.564385"
"24981631","Biosynthesis of a central intermediate in hydrogen sulfide metabolism by a novel human sulfurtransferase and its yeast ortholog","Melideo SL, Jackson MR, Jorns MS.","Biochemistry. 2014 Jul 22;53(28):4739-53. doi: 10.1021/bi500650h. Epub 2014 Jul 10.","Melideo SL","Biochemistry","2014","2014/07/02","PMC4108183","","10.1021/bi500650h"
"34381811","Chaperonin Abundance Enhances Bacterial Fitness","Kumar CMS, Chugh K, Dutta A, Mahamkali V, Bose T, Mande SS, Mande SC, Lund PA.","Front Mol Biosci. 2021 Jul 26;8:669996. doi: 10.3389/fmolb.2021.669996. eCollection 2021.","Kumar CMS","Front Mol Biosci","2021","2021/08/12","PMC8350394","","10.3389/fmolb.2021.669996"
"38860509","An adaptable in silico ensemble model of the arachidonic acid cascade","Uttley M, Horne G, Tsigkinopoulou A, Del Carratore F, Hawari A, Kiezel-Tsugunova M, Kendall AC, Jones J, Messenger D, Bhogal RK, Breitling R, Nicolaou A.","Mol Omics. 2024 Aug 12;20(7):453-468. doi: 10.1039/d3mo00187c.","Uttley M","Mol Omics","2024","2024/06/11","PMC11318654","","10.1039/d3mo00187c"
"26928598","Metabolic Trade-offs in Yeast are Caused by F1F0-ATP synthase","Nilsson A, Nielsen J.","Sci Rep. 2016 Mar 1;6:22264. doi: 10.1038/srep22264.","Nilsson A","Sci Rep","2016","2016/03/02","PMC4772093","","10.1038/srep22264"
"24889604","Visual account of protein investment in cellular functions","Liebermeister W, Noor E, Flamholz A, Davidi D, Bernhardt J, Milo R.","Proc Natl Acad Sci U S A. 2014 Jun 10;111(23):8488-93. doi: 10.1073/pnas.1314810111. Epub 2014 Jun 2.","Liebermeister W","Proc Natl Acad Sci U S A","2014","2014/06/04","PMC4060655","","10.1073/pnas.1314810111"
"29377792","Hsp70-associated chaperones have a critical role in buffering protein production costs","Farkas Z, Kalapis D, Bódi Z, Szamecz B, Daraba A, Almási K, Kovács K, Boross G, Pál F, Horváth P, Balassa T, Molnár C, Pettkó-Szandtner A, Klement É, Rutkai E, Szvetnik A, Papp B, Pál C.","Elife. 2018 Jan 29;7:e29845. doi: 10.7554/eLife.29845.","Farkas Z","Elife","2018","2018/01/30","PMC5788500","","10.7554/eLife.29845"
"29526694","Ubiquitin Modulates Liquid-Liquid Phase Separation of UBQLN2 via Disruption of Multivalent Interactions","Dao TP, Kolaitis RM, Kim HJ, O'Donovan K, Martyniak B, Colicino E, Hehnly H, Taylor JP, Castañeda CA.","Mol Cell. 2018 Mar 15;69(6):965-978.e6. doi: 10.1016/j.molcel.2018.02.004. Epub 2018 Mar 8.","Dao TP","Mol Cell","2018","2018/03/13","PMC6181577","NIHMS1508397","10.1016/j.molcel.2018.02.004"
"38520488","DNP-assisted solid-state NMR enables detection of proteins at nanomolar concentrations in fully protonated cellular milieu","Costello WN, Xiao Y, Mentink-Vigier F, Kragelj J, Frederick KK.","J Biomol NMR. 2024 Jun;78(2):95-108. doi: 10.1007/s10858-024-00436-9. Epub 2024 Mar 23.","Costello WN","J Biomol NMR","2024","2024/03/23","PMC11572114","NIHMS2032341","10.1007/s10858-024-00436-9"
"27966577","Salivary and pellicle proteome: A datamining analysis","Schweigel H, Wicht M, Schwendicke F.","Sci Rep. 2016 Dec 14;6:38882. doi: 10.1038/srep38882.","Schweigel H","Sci Rep","2016","2016/12/15","PMC5155218","","10.1038/srep38882"
"26000633","Improving 3D Genome Reconstructions Using Orthologous and Functional Constraints","Diament A, Tuller T.","PLoS Comput Biol. 2015 May 22;11(5):e1004298. doi: 10.1371/journal.pcbi.1004298. eCollection 2015 May.","Diament A","PLoS Comput Biol","2015","2015/05/23","PMC4441392","","10.1371/journal.pcbi.1004298"
"27332813","Sequence- and Structure-Based Analysis of Tissue-Specific Phosphorylation Sites","Karabulut NP, Frishman D.","PLoS One. 2016 Jun 22;11(6):e0157896. doi: 10.1371/journal.pone.0157896. eCollection 2016.","Karabulut NP","PLoS One","2016","2016/06/23","PMC4917084","","10.1371/journal.pone.0157896"
"22845868","Computational framework for analysis of prey-prey associations in interaction proteomics identifies novel human protein-protein interactions and networks","Saha S, Dazard JE, Xu H, Ewing RM.","J Proteome Res. 2012 Sep 7;11(9):4476-87. doi: 10.1021/pr300227y. Epub 2012 Aug 21.","Saha S","J Proteome Res","2012","2012/08/01","PMC3777680","NIHMS500356","10.1021/pr300227y"
"25656970","Version 4.0 of PaxDb: Protein abundance data, integrated across model organisms, tissues, and cell-lines","Wang M, Herrmann CJ, Simonovic M, Szklarczyk D, von Mering C.","Proteomics. 2015 Sep;15(18):3163-8. doi: 10.1002/pmic.201400441. Epub 2015 Mar 12.","Wang M","Proteomics","2015","2015/02/07","PMC6680238","","10.1002/pmic.201400441"
"23230445","UniProtKB amid the turmoil of plant proteomics research","Schneider M; UniProt Consortium; Poux S.","Front Plant Sci. 2012 Dec 6;3:270. doi: 10.3389/fpls.2012.00270. eCollection 2012.","Schneider M","Front Plant Sci","2012","2012/12/12","PMC3515866","","10.3389/fpls.2012.00270"
"27466388","Role of mRNA structure in the control of protein folding","Faure G, Ogurtsov AY, Shabalina SA, Koonin EV.","Nucleic Acids Res. 2016 Dec 15;44(22):10898-10911. doi: 10.1093/nar/gkw671. Epub 2016 Jul 27.","Faure G","Nucleic Acids Res","2016","2016/07/29","PMC5159526","","10.1093/nar/gkw671"
"26047845","Polymorphism Analysis Reveals Reduced Negative Selection and Elevated Rate of Insertions and Deletions in Intrinsically Disordered Protein Regions","Khan T, Douglas GM, Patel P, Nguyen Ba AN, Moses AM.","Genome Biol Evol. 2015 Jun 4;7(6):1815-26. doi: 10.1093/gbe/evv105.","Khan T","Genome Biol Evol","2015","2015/06/07","PMC4494057","","10.1093/gbe/evv105"
"26056817","Amino Acid Flux from Metabolic Network Benefits Protein Translation: the Role of Resource Availability","Hu XP, Yang Y, Ma BG.","Sci Rep. 2015 Jun 9;5:11113. doi: 10.1038/srep11113.","Hu XP","Sci Rep","2015","2015/06/10","PMC4460870","","10.1038/srep11113"
"31398930","Computational Assessment of Bacterial Protein Structures Indicates a Selection Against Aggregation","Carija A, Pinheiro F, Iglesias V, Ventura S.","Cells. 2019 Aug 8;8(8):856. doi: 10.3390/cells8080856.","Carija A","Cells","2019","2019/08/11","PMC6721704","","10.3390/cells8080856"
"31454312","The role of structural pleiotropy and regulatory evolution in the retention of heteromers of paralogs","Marchant A, Cisneros AF, Dubé AK, Gagnon-Arsenault I, Ascencio D, Jain H, Aubé S, Eberlein C, Evans-Yamamoto D, Yachie N, Landry CR.","Elife. 2019 Aug 27;8:e46754. doi: 10.7554/eLife.46754.","Marchant A","Elife","2019","2019/08/28","PMC6711710","","10.7554/eLife.46754"
"35053213","ECMpy, a Simplified Workflow for Constructing Enzymatic Constrained Metabolic Network Model","Mao Z, Zhao X, Yang X, Zhang P, Du J, Yuan Q, Ma H.","Biomolecules. 2022 Jan 2;12(1):65. doi: 10.3390/biom12010065.","Mao Z","Biomolecules","2022","2022/01/21","PMC8773657","","10.3390/biom12010065"
"24425868","Misfolded polyglutamine, polyalanine, and superoxide dismutase 1 aggregate via distinct pathways in the cell","Polling S, Mok YF, Ramdzan YM, Turner BJ, Yerbury JJ, Hill AF, Hatters DM.","J Biol Chem. 2014 Mar 7;289(10):6669-6680. doi: 10.1074/jbc.M113.520189. Epub 2014 Jan 14.","Polling S","J Biol Chem","2014","2014/01/16","PMC3945328","","10.1074/jbc.M113.520189"
"24244122","A computational model of liver iron metabolism","Mitchell S, Mendes P.","PLoS Comput Biol. 2013;9(11):e1003299. doi: 10.1371/journal.pcbi.1003299. Epub 2013 Nov 7.","Mitchell S","PLoS Comput Biol","2013","2013/11/19","PMC3820522","","10.1371/journal.pcbi.1003299"
"32024885","Synthetic analogues of 2-oxo acids discriminate metabolic contribution of the 2-oxoglutarate and 2-oxoadipate dehydrogenases in mammalian cells and tissues","Artiukhov AV, Grabarska A, Gumbarewicz E, Aleshin VA, Kähne T, Obata T, Kazantsev AV, Lukashev NV, Stepulak A, Fernie AR, Bunik VI.","Sci Rep. 2020 Feb 5;10(1):1886. doi: 10.1038/s41598-020-58701-4.","Artiukhov AV","Sci Rep","2020","2020/02/07","PMC7002488","","10.1038/s41598-020-58701-4"
"29401756","In-Depth Proteomic Characterization of Classical and Non-Classical Monocyte Subsets","Segura V, Valero ML, Cantero L, Muñoz J, Zarzuela E, García F, Aloria K, Beaskoetxea J, Arizmendi JM, Navajas R, Paradela A, Díez P, Dégano RM, Fuentes M, Orfao A, Montero AG, Garin-Muga A, Corrales FJ, Pino MMSD.","Proteomes. 2018 Feb 5;6(1):8. doi: 10.3390/proteomes6010008.","Segura V","Proteomes","2018","2018/02/07","PMC5874767","","10.3390/proteomes6010008"
"24618897","Greatwall-phosphorylated Endosulfine is both an inhibitor and a substrate of PP2A-B55 heterotrimers","Williams BC, Filter JJ, Blake-Hodek KA, Wadzinski BE, Fuda NJ, Shalloway D, Goldberg ML.","Elife. 2014 Mar 11;3:e01695. doi: 10.7554/eLife.01695.","Williams BC","Elife","2014","2014/03/13","PMC3949306","","10.7554/eLife.01695"
"25440716","Ultrasensitivity part II: multisite phosphorylation, stoichiometric inhibitors, and positive feedback","Ferrell JE Jr, Ha SH.","Trends Biochem Sci. 2014 Nov;39(11):556-69. doi: 10.1016/j.tibs.2014.09.003. Epub 2014 Oct 23.","Ferrell JE Jr","Trends Biochem Sci","2014","2014/12/03","PMC4435807","NIHMS686079","10.1016/j.tibs.2014.09.003"
"25281560","Proximity biotinylation and affinity purification are complementary approaches for the interactome mapping of chromatin-associated protein complexes","Lambert JP, Tucholska M, Go C, Knight JD, Gingras AC.","J Proteomics. 2015 Apr 6;118:81-94. doi: 10.1016/j.jprot.2014.09.011. Epub 2014 Oct 2.","Lambert JP","J Proteomics","2015","2014/10/05","PMC4383713","NIHMS632403","10.1016/j.jprot.2014.09.011"
"25104356","Recovery from rapamycin: drug-insensitive activity of yeast target of rapamycin complex 1 (TORC1) supports residual proliferation that dilutes rapamycin among progeny cells","Evans SK, Burgess KEV, Gray JV.","J Biol Chem. 2014 Sep 19;289(38):26554-26565. doi: 10.1074/jbc.M114.589754. Epub 2014 Aug 7.","Evans SK","J Biol Chem","2014","2014/08/09","PMC4176226","","10.1074/jbc.M114.589754"
"28365733","miRnalyze: an interactive database linking tool to unlock intuitive microRNA regulation of cell signaling pathways","Subhra Das S, James M, Paul S, Chakravorty N.","Database (Oxford). 2017 Jan 1;2017(1):bax015. doi: 10.1093/database/bax015.","Subhra Das S","Database (Oxford)","2017","2017/04/03","PMC5467568","","10.1093/database/bax015"
"28883394","A thiol probe for measuring unfolded protein load and proteostasis in cells","Chen MZ, Moily NS, Bridgford JL, Wood RJ, Radwan M, Smith TA, Song Z, Tang BZ, Tilley L, Xu X, Reid GE, Pouladi MA, Hong Y, Hatters DM.","Nat Commun. 2017 Sep 7;8(1):474. doi: 10.1038/s41467-017-00203-5.","Chen MZ","Nat Commun","2017","2017/09/09","PMC5589734","","10.1038/s41467-017-00203-5"
"28138016","Protein Degradation Rate in Arabidopsis thaliana Leaf Growth and Development","Li L, Nelson CJ, Trösch J, Castleden I, Huang S, Millar AH.","Plant Cell. 2017 Feb;29(2):207-228. doi: 10.1105/tpc.16.00768. Epub 2017 Jan 30.","Li L","Plant Cell","2017","2017/02/01","PMC5354193","","10.1105/tpc.16.00768"
"28992099","Co-adaption of tRNA gene copy number and amino acid usage influences translation rates in three life domains","Du MZ, Wei W, Qin L, Liu S, Zhang AY, Zhang Y, Zhou H, Guo FB.","DNA Res. 2017 Dec 1;24(6):623-633. doi: 10.1093/dnares/dsx030.","Du MZ","DNA Res","2017","2017/10/10","PMC5726483","","10.1093/dnares/dsx030"
"24465218","Functional divergence and evolutionary turnover in mammalian phosphoproteomes","Freschi L, Osseni M, Landry CR.","PLoS Genet. 2014 Jan;10(1):e1004062. doi: 10.1371/journal.pgen.1004062. Epub 2014 Jan 23.","Freschi L","PLoS Genet","2014","2014/01/28","PMC3900387","","10.1371/journal.pgen.1004062"
"24493033","The cleverSuite approach for protein characterization: predictions of structural properties, solubility, chaperone requirements and RNA-binding abilities","Klus P, Bolognesi B, Agostini F, Marchese D, Zanzoni A, Tartaglia GG.","Bioinformatics. 2014 Jun 1;30(11):1601-8. doi: 10.1093/bioinformatics/btu074. Epub 2014 Feb 3.","Klus P","Bioinformatics","2014","2014/02/05","PMC4029037","","10.1093/bioinformatics/btu074"
"24802001","Integrating omics technologies to study pulmonary physiology and pathology at the systems level","Pathak RR, Davé V.","Cell Physiol Biochem. 2014;33(5):1239-60. doi: 10.1159/000358693. Epub 2014 Apr 28.","Pathak RR","Cell Physiol Biochem","2014","2014/05/08","PMC4396816","NIHMS602330","10.1159/000358693"
"25102178","Roles of type 1A topoisomerases in genome maintenance in Escherichia coli","Usongo V, Drolet M.","PLoS Genet. 2014 Aug 7;10(8):e1004543. doi: 10.1371/journal.pgen.1004543. eCollection 2014 Aug.","Usongo V","PLoS Genet","2014","2014/08/08","PMC4125114","","10.1371/journal.pgen.1004543"
"34527192","Cryptic amyloidogenic regions in intrinsically disordered proteins: Function and disease association","Santos J, Pallarès I, Iglesias V, Ventura S.","Comput Struct Biotechnol J. 2021 Jul 26;19:4192-4206. doi: 10.1016/j.csbj.2021.07.019. eCollection 2021.","Santos J","Comput Struct Biotechnol J","2021","2021/09/16","PMC8349759","","10.1016/j.csbj.2021.07.019"
"26493371","Neurodegeneration and Cancer: Where the Disorder Prevails","Klus P, Cirillo D, Botta Orfila T, Gaetano Tartaglia G.","Sci Rep. 2015 Oct 23;5:15390. doi: 10.1038/srep15390.","Klus P","Sci Rep","2015","2015/10/24","PMC4615981","","10.1038/srep15390"
"28007979","Secreted Proteins Defy the Expression Level-Evolutionary Rate Anticorrelation","Feyertag F, Berninsone PM, Alvarez-Ponce D.","Mol Biol Evol. 2017 Mar 1;34(3):692-706. doi: 10.1093/molbev/msw268.","Feyertag F","Mol Biol Evol","2017","2016/12/24","PMC5896516","","10.1093/molbev/msw268"
"26370937","Channel crossing: how are proteins shipped across the bacterial plasma membrane?","Collinson I, Corey RA, Allen WJ.","Philos Trans R Soc Lond B Biol Sci. 2015 Oct 5;370(1679):20150025. doi: 10.1098/rstb.2015.0025.","Collinson I","Philos Trans R Soc Lond B Biol Sci","2015","2015/09/16","PMC4632601","","10.1098/rstb.2015.0025"
"29165593","FunCoup 4: new species, data, and visualization","Ogris C, Guala D, Sonnhammer ELL.","Nucleic Acids Res. 2018 Jan 4;46(D1):D601-D607. doi: 10.1093/nar/gkx1138.","Ogris C","Nucleic Acids Res","2018","2017/11/23","PMC5755233","","10.1093/nar/gkx1138"
"30351420","Metabolic Determinants of Enzyme Evolution in a Genome-Scale Bacterial Metabolic Network","Aguilar-Rodríguez J, Wagner A.","Genome Biol Evol. 2018 Nov 1;10(11):3076-3088. doi: 10.1093/gbe/evy234.","Aguilar-Rodríguez J","Genome Biol Evol","2018","2018/10/24","PMC6257574","","10.1093/gbe/evy234"
"27898662","Kinase Inhibition Leads to Hormesis in a Dual Phosphorylation-Dephosphorylation Cycle","Rashkov P, Barrett IP, Beardmore RE, Bendtsen C, Gudelj I.","PLoS Comput Biol. 2016 Nov 29;12(11):e1005216. doi: 10.1371/journal.pcbi.1005216. eCollection 2016 Nov.","Rashkov P","PLoS Comput Biol","2016","2016/11/30","PMC5127489","","10.1371/journal.pcbi.1005216"
"27447048","Tagging and Enriching Proteins Enables Cell-Specific Proteomics","Elliott TS, Bianco A, Townsley FM, Fried SD, Chin JW.","Cell Chem Biol. 2016 Jul 21;23(7):805-815. doi: 10.1016/j.chembiol.2016.05.018.","Elliott TS","Cell Chem Biol","2016","2016/07/23","PMC4959846","","10.1016/j.chembiol.2016.05.018"
"32051772","Unexpected Roles of a Tether Harboring a Tyrosine Gatekeeper Residue in Modular Nitrite Reductase Catalysis","Hedison TM, Shenoy RT, Iorgu AI, Heyes DJ, Fisher K, Wright GSA, Hay S, Eady RR, Antonyuk SV, Hasnain SS, Scrutton NS.","ACS Catal. 2019 Jul 5;9(7):6087-6099. doi: 10.1021/acscatal.9b01266. Epub 2019 May 29.","Hedison TM","ACS Catal","2019","2020/02/14","PMC7007197","","10.1021/acscatal.9b01266"
"39828902","PI5P4K inhibitors: promising opportunities and challenges","Takeuchi K, Nagase L, Kageyama S, Kanoh H, Oshima M, Ogawa-Iio A, Ikeda Y, Fujii Y, Kondo S, Osaka N, Masuda T, Ishihara T, Nakamura Y, Hirota Y, Sasaki T, Senda T, Sasaki AT.","FEBS J. 2025 Sep;292(17):4446-4476. doi: 10.1111/febs.17393. Epub 2025 Jan 19.","Takeuchi K","FEBS J","2025","2025/01/19","PMC12276927","NIHMS2047597","10.1111/febs.17393"
"27679670","Nucleosome distortion as a possible mechanism of transcription activation domain function","Erkina TY, Erkine AM.","Epigenetics Chromatin. 2016 Sep 20;9:40. doi: 10.1186/s13072-016-0092-2. eCollection 2016.","Erkina TY","Epigenetics Chromatin","2016","2016/09/29","PMC5029090","","10.1186/s13072-016-0092-2"
"25621163","Myosin heavy chain 15 is associated with bovine pulmonary arterial pressure","Neary MT, Neary JM, Lund GK, Holt TN, Garry FB, Mohun TJ, Breckenridge RA.","Pulm Circ. 2014 Sep;4(3):496-503. doi: 10.1086/677364.","Neary MT","Pulm Circ","2014","2015/01/27","PMC4278609","","10.1086/677364"
"32973167","A possible universal role for mRNA secondary structure in bacterial translation revealed using a synthetic operon","Chemla Y, Peeri M, Heltberg ML, Eichler J, Jensen MH, Tuller T, Alfonta L.","Nat Commun. 2020 Sep 24;11(1):4827. doi: 10.1038/s41467-020-18577-4.","Chemla Y","Nat Commun","2020","2020/09/25","PMC7518266","","10.1038/s41467-020-18577-4"
"31623885","Model of a Kinetically Driven Crosstalk between Paralogous Protein Encounter Complexes","Kale S, Strickland M, Peterkofsky A, Liu J, Tjandra N.","Biophys J. 2019 Nov 5;117(9):1655-1665. doi: 10.1016/j.bpj.2019.09.035. Epub 2019 Oct 2.","Kale S","Biophys J","2019","2019/10/19","PMC6838881","","10.1016/j.bpj.2019.09.035"
"30023583","S-Enantiomer of the Antitubercular Compound S006-830 Complements Activity of Frontline TB Drugs and Targets Biogenesis of Mycobacterium tuberculosis Cell Envelope","Singh P, Kumar SK, Maurya VK, Mehta BK, Ahmad H, Dwivedi AK, Chaturvedi V, Thakur TS, Sinha S.","ACS Omega. 2017 Nov 30;2(11):8453-8465. doi: 10.1021/acsomega.7b01281.","Singh P","ACS Omega","2017","2018/07/20","PMC6045410","","10.1021/acsomega.7b01281"
"30355764","RNA-Seq-Based Analysis Reveals Heterogeneity in Mature 16S rRNA 3' Termini and Extended Anti-Shine-Dalgarno Motifs in Bacterial Species","Silke JR, Wei Y, Xia X.","G3 (Bethesda). 2018 Dec 10;8(12):3973-3979. doi: 10.1534/g3.118.200729.","Silke JR","G3 (Bethesda)","2018","2018/10/26","PMC6288834","","10.1534/g3.118.200729"
"23928301","Partitioning of the nuclear and mitochondrial tRNA 3'-end processing activities between two different proteins in Schizosaccharomyces pombe","Zhang X, Zhao Q, Huang Y.","J Biol Chem. 2013 Sep 20;288(38):27415-27422. doi: 10.1074/jbc.M113.501569. Epub 2013 Aug 8.","Zhang X","J Biol Chem","2013","2013/08/10","PMC3779736","","10.1074/jbc.M113.501569"
"32101291","Readthrough Errors Purge Deleterious Cryptic Sequences, Facilitating the Birth of Coding Sequences","Kosinski LJ, Masel J.","Mol Biol Evol. 2020 Jun 1;37(6):1761-1774. doi: 10.1093/molbev/msaa046.","Kosinski LJ","Mol Biol Evol","2020","2020/02/27","PMC7253197","","10.1093/molbev/msaa046"
"24024827","A Gro/TLE-NuRD corepressor complex facilitates Tbx20-dependent transcriptional repression","Kaltenbrun E, Greco TM, Slagle CE, Kennedy LM, Li T, Cristea IM, Conlon FL.","J Proteome Res. 2013 Dec 6;12(12):5395-409. doi: 10.1021/pr400818c. Epub 2013 Oct 3.","Kaltenbrun E","J Proteome Res","2013","2013/09/13","PMC4042526","NIHMS529401","10.1021/pr400818c"
"29538462","Role of Toll-like receptors and interferon regulatory factors in different experimental heart failure models of diverse etiology: IRF7 as novel cardiovascular stress-inducible factor","Becher PM, Hinrichs S, Fluschnik N, Hennigs JK, Klingel K, Blankenberg S, Westermann D, Lindner D.","PLoS One. 2018 Mar 14;13(3):e0193844. doi: 10.1371/journal.pone.0193844. eCollection 2018.","Becher PM","PLoS One","2018","2018/03/15","PMC5851607","","10.1371/journal.pone.0193844"
"25393560","Proteome folding kinetics is limited by protein halflife","Zou T, Williams N, Ozkan SB, Ghosh K.","PLoS One. 2014 Nov 13;9(11):e112701. doi: 10.1371/journal.pone.0112701. eCollection 2014.","Zou T","PLoS One","2014","2014/11/14","PMC4231061","","10.1371/journal.pone.0112701"
"37151874","Application of single-cell RNA sequencing on human testicular samples: a comprehensive review","Dong F, Ping P, Ma Y, Chen XF.","Int J Biol Sci. 2023 Apr 9;19(7):2167-2197. doi: 10.7150/ijbs.82191. eCollection 2023.","Dong F","Int J Biol Sci","2023","2023/05/08","PMC10158017","","10.7150/ijbs.82191"
"25023996","Amyloid-associated activity contributes to the severity and toxicity of a prion phenotype","Pezza JA, Villali J, Sindi SS, Serio TR.","Nat Commun. 2014 Jul 15;5:4384. doi: 10.1038/ncomms5384.","Pezza JA","Nat Commun","2014","2014/07/16","PMC4156856","NIHMS605404","10.1038/ncomms5384"
"25222838","Open tubular lab-on-column/mass spectrometry for targeted proteomics of nanogram sample amounts","Hustoft HK, Vehus T, Brandtzaeg OK, Krauss S, Greibrokk T, Wilson SR, Lundanes E.","PLoS One. 2014 Sep 15;9(9):e106881. doi: 10.1371/journal.pone.0106881. eCollection 2014.","Hustoft HK","PLoS One","2014","2014/09/16","PMC4164520","","10.1371/journal.pone.0106881"
"25326319","Identification of a Mg2+-sensitive ORF in the 5'-leader of TRPM7 magnesium channel mRNA","Nikonorova IA, Kornakov NV, Dmitriev SE, Vassilenko KS, Ryazanov AG.","Nucleic Acids Res. 2014 Nov 10;42(20):12779-88. doi: 10.1093/nar/gku951. Epub 2014 Oct 17.","Nikonorova IA","Nucleic Acids Res","2014","2014/10/19","PMC4227784","","10.1093/nar/gku951"
"38534847","Application of Machine Learning in the Quantitative Analysis of the Surface Characteristics of Highly Abundant Cytoplasmic Proteins: Toward AI-Based Biomimetics","Moon J, Hu G, Hayashi T.","Biomimetics (Basel). 2024 Mar 6;9(3):162. doi: 10.3390/biomimetics9030162.","Moon J","Biomimetics (Basel)","2024","2024/03/27","PMC10967800","","10.3390/biomimetics9030162"
"28878234","Immunoregulation by IL-7R-targeting antibody-drug conjugates: overcoming steroid-resistance in cancer and autoimmune disease","Yasunaga M, Manabe S, Matsumura Y.","Sci Rep. 2017 Sep 6;7(1):10735. doi: 10.1038/s41598-017-11255-4.","Yasunaga M","Sci Rep","2017","2017/09/08","PMC5587554","","10.1038/s41598-017-11255-4"
"29100281","RECQ1 expression is upregulated in response to DNA damage and in a p53-dependent manner","Parvathaneni S, Lu X, Chaudhary R, Lal A, Madhusudan S, Sharma S.","Oncotarget. 2017 May 27;8(44):75924-75942. doi: 10.18632/oncotarget.18237. eCollection 2017 Sep 29.","Parvathaneni S","Oncotarget","2017","2017/11/05","PMC5652675","","10.18632/oncotarget.18237"
"39641026","Domain architecture of the Mycobacterium tuberculosis MabR (Rv2242), a member of the PucR transcription factor family","Megalizzi V, Tanina A, Grosse C, Mirgaux M, Legrand P, Dias Mirandela G, Wohlkönig A, Bifani P, Wintjens R.","Heliyon. 2024 Nov 16;10(22):e40494. doi: 10.1016/j.heliyon.2024.e40494. eCollection 2024 Nov 30.","Megalizzi V","Heliyon","2024","2024/12/06","PMC11617747","","10.1016/j.heliyon.2024.e40494"
"25086000","Amino Acid metabolism conflicts with protein diversity","Krick T, Verstraete N, Alonso LG, Shub DA, Ferreiro DU, Shub M, Sánchez IE.","Mol Biol Evol. 2014 Nov;31(11):2905-12. doi: 10.1093/molbev/msu228. Epub 2014 Aug 1.","Krick T","Mol Biol Evol","2014","2014/08/03","PMC4209132","","10.1093/molbev/msu228"
"40017606","The role and application of bioinformatics techniques and tools in drug discovery","Zhang S, Liu K, Liu Y, Hu X, Gu X.","Front Pharmacol. 2025 Feb 13;16:1547131. doi: 10.3389/fphar.2025.1547131. eCollection 2025.","Zhang S","Front Pharmacol","2025","2025/02/28","PMC11865229","","10.3389/fphar.2025.1547131"
"25308280","The yeast enzyme Eht1 is an octanoyl-CoA:ethanol acyltransferase that also functions as a thioesterase","Knight MJ, Bull ID, Curnow P.","Yeast. 2014 Dec;31(12):463-74. doi: 10.1002/yea.3046. Epub 2014 Nov 4.","Knight MJ","Yeast","2014","2014/10/14","PMC4282330","","10.1002/yea.3046"
"28396410","Spinal motor neuron protein supersaturation patterns are associated with inclusion body formation in ALS","Ciryam P, Lambert-Smith IA, Bean DM, Freer R, Cid F, Tartaglia GG, Saunders DN, Wilson MR, Oliver SG, Morimoto RI, Dobson CM, Vendruscolo M, Favrin G, Yerbury JJ.","Proc Natl Acad Sci U S A. 2017 May 16;114(20):E3935-E3943. doi: 10.1073/pnas.1613854114. Epub 2017 Apr 10.","Ciryam P","Proc Natl Acad Sci U S A","2017","2017/04/12","PMC5441770","","10.1073/pnas.1613854114"
"25658937","EMILIN2 regulates platelet activation, thrombus formation, and clot retraction","Huang M, Sannaningaiah D, Zhao N, Gong Y, Grondolsky J, Hoover-Plow J.","PLoS One. 2015 Feb 6;10(2):e0115284. doi: 10.1371/journal.pone.0115284. eCollection 2015.","Huang M","PLoS One","2015","2015/02/07","PMC4319747","","10.1371/journal.pone.0115284"
"23264352","The DegraBase: a database of proteolysis in healthy and apoptotic human cells","Crawford ED, Seaman JE, Agard N, Hsu GW, Julien O, Mahrus S, Nguyen H, Shimbo K, Yoshihara HA, Zhuang M, Chalkley RJ, Wells JA.","Mol Cell Proteomics. 2013 Mar;12(3):813-24. doi: 10.1074/mcp.O112.024372. Epub 2012 Dec 20.","Crawford ED","Mol Cell Proteomics","2013","2012/12/25","PMC3591672","","10.1074/mcp.O112.024372"
"26176266","Rationally designed, heterologous S. cerevisiae transcripts expose novel expression determinants","Ben-Yehezkel T, Atar S, Zur H, Diament A, Goz E, Marx T, Cohen R, Dana A, Feldman A, Shapiro E, Tuller T.","RNA Biol. 2015;12(9):972-84. doi: 10.1080/15476286.2015.1071762.","Ben-Yehezkel T","RNA Biol","2015","2015/07/16","PMC4615757","","10.1080/15476286.2015.1071762"
"27213804","Exome sequencing of extreme clopidogrel response phenotypes identifies B4GALT2 as a determinant of on-treatment platelet reactivity","Scott SA, Collet JP, Baber U, Yang Y, Peter I, Linderman M, Sload J, Qiao W, Kini AS, Sharma SK, Desnick RJ, Fuster V, Hajjar RJ, Montalescot G, Hulot JS.","Clin Pharmacol Ther. 2016 Sep;100(3):287-94. doi: 10.1002/cpt.401. Epub 2016 Jun 20.","Scott SA","Clin Pharmacol Ther","2016","2016/05/24","PMC4982803","NIHMS789137","10.1002/cpt.401"
"35153570","Ultrasensitivity and bistability in covalent-modification cycles with positive autoregulation","Jeynes-Smith C, Araujo RP.","Proc Math Phys Eng Sci. 2021 Aug;477(2252):20210069. doi: 10.1098/rspa.2021.0069. Epub 2021 Aug 4.","Jeynes-Smith C","Proc Math Phys Eng Sci","2021","2022/02/14","PMC8331239","","10.1098/rspa.2021.0069"
"30401684","Proteome-wide Analysis of Protein Thermal Stability in the Model Higher Plant Arabidopsis thaliana","Volkening JD, Stecker KE, Sussman MR.","Mol Cell Proteomics. 2019 Feb;18(2):308-319. doi: 10.1074/mcp.RA118.001124. Epub 2018 Nov 6.","Volkening JD","Mol Cell Proteomics","2019","2018/11/08","PMC6356070","","10.1074/mcp.RA118.001124"
"24910945","MOPED 2.5--an integrated multi-omics resource: multi-omics profiling expression database now includes transcriptomics data","Montague E, Stanberry L, Higdon R, Janko I, Lee E, Anderson N, Choiniere J, Stewart E, Yandl G, Broomall W, Kolker N, Kolker E.","OMICS. 2014 Jun;18(6):335-43. doi: 10.1089/omi.2014.0061.","Montague E","OMICS","2014","2014/06/10","PMC4048574","","10.1089/omi.2014.0061"
"24821784","Circulating proteolytic signatures of chemotherapy-induced cell death in humans discovered by N-terminal labeling","Wiita AP, Hsu GW, Lu CM, Esensten JH, Wells JA.","Proc Natl Acad Sci U S A. 2014 May 27;111(21):7594-9. doi: 10.1073/pnas.1405987111. Epub 2014 May 12.","Wiita AP","Proc Natl Acad Sci U S A","2014","2014/05/14","PMC4040605","","10.1073/pnas.1405987111"
"26443677","RNA Silencing of Exocyst Genes in the Stigma Impairs the Acceptance of Compatible Pollen in Arabidopsis","Safavian D, Zayed Y, Indriolo E, Chapman L, Ahmed A, Goring DR.","Plant Physiol. 2015 Dec;169(4):2526-38. doi: 10.1104/pp.15.00635. Epub 2015 Oct 6.","Safavian D","Plant Physiol","2015","2015/10/08","PMC4677879","","10.1104/pp.15.00635"
"25902545","Sec17 can trigger fusion of trans-SNARE paired membranes without Sec18","Zick M, Orr A, Schwartz ML, Merz AJ, Wickner WT.","Proc Natl Acad Sci U S A. 2015 May 5;112(18):E2290-7. doi: 10.1073/pnas.1506409112. Epub 2015 Apr 20.","Zick M","Proc Natl Acad Sci U S A","2015","2015/04/23","PMC4426435","","10.1073/pnas.1506409112"
"35867287","Follistatin-like 1 and its paralogs in heart development and cardiovascular disease","Horak M, Fairweather D, Kokkonen P, Bednar D, Bienertova-Vasku J.","Heart Fail Rev. 2022 Nov;27(6):2251-2265. doi: 10.1007/s10741-022-10262-6. Epub 2022 Jul 22.","Horak M","Heart Fail Rev","2022","2022/07/22","PMC11140762","NIHMS1997301","10.1007/s10741-022-10262-6"
"37710046","DNAzyme-based faithful probing and pulldown to identify candidate biomarkers of low abundance","Hu Q, Tong Z, Yalikong A, Ge LP, Shi Q, Du X, Wang P, Liu XY, Zhan W, Gao X, Sun D, Fu T, Ye D, Fan C, Liu J, Zhong YS, Jiang YZ, Gu H.","Nat Chem. 2024 Jan;16(1):122-131. doi: 10.1038/s41557-023-01328-5. Epub 2023 Sep 14.","Hu Q","Nat Chem","2024","2023/09/14","","","10.1038/s41557-023-01328-5"
"29425030","eIF2B Mechanisms of Action and Regulation: A Thermodynamic View","Bogorad AM, Lin KY, Marintchev A.","Biochemistry. 2018 Mar 6;57(9):1426-1435. doi: 10.1021/acs.biochem.7b00957. Epub 2018 Feb 20.","Bogorad AM","Biochemistry","2018","2018/02/10","PMC5840040","NIHMS945976","10.1021/acs.biochem.7b00957"
"29429052","Molecular and Clinical Aspects of Protein Aggregation Assays in Neurodegenerative Diseases","Villar-Piqué A, Schmitz M, Candelise N, Ventura S, Llorens F, Zerr I.","Mol Neurobiol. 2018 Sep;55(9):7588-7605. doi: 10.1007/s12035-018-0926-y. Epub 2018 Feb 10.","Villar-Piqué A","Mol Neurobiol","2018","2018/02/12","","","10.1007/s12035-018-0926-y"
"29694882","Cardiac mTORC1 Dysregulation Impacts Stress Adaptation and Survival in Huntington's Disease","Child DD, Lee JH, Pascua CJ, Chen YH, Mas Monteys A, Davidson BL.","Cell Rep. 2018 Apr 24;23(4):1020-1033. doi: 10.1016/j.celrep.2018.03.117.","Child DD","Cell Rep","2018","2018/04/26","PMC5967646","NIHMS965667","10.1016/j.celrep.2018.03.117"
"29367233","Control of Retrograde Signaling by Rapid Turnover of GENOMES UNCOUPLED1","Wu GZ, Chalvin C, Hoelscher M, Meyer EH, Wu XN, Bock R.","Plant Physiol. 2018 Mar;176(3):2472-2495. doi: 10.1104/pp.18.00009. Epub 2018 Jan 24.","Wu GZ","Plant Physiol","2018","2018/01/26","PMC5841721","","10.1104/pp.18.00009"
"26986850","Activation of G Proteins by Guanine Nucleotide Exchange Factors Relies on GTPase Activity","Stanley RJ, Thomas GM.","PLoS One. 2016 Mar 17;11(3):e0151861. doi: 10.1371/journal.pone.0151861. eCollection 2016.","Stanley RJ","PLoS One","2016","2016/03/18","PMC4795700","","10.1371/journal.pone.0151861"
"28832133","The Mechanism of Regulation of Pantothenate Biosynthesis by the PanD-PanZ·AcCoA Complex Reveals an Additional Mode of Action for the Antimetabolite N-Pentyl Pantothenamide (N5-Pan)","Arnott ZLP, Nozaki S, Monteiro DCF, Morgan HE, Pearson AR, Niki H, Webb ME.","Biochemistry. 2017 Sep 19;56(37):4931-4939. doi: 10.1021/acs.biochem.7b00509. Epub 2017 Sep 7.","Arnott ZLP","Biochemistry","2017","2017/08/24","PMC5724930","","10.1021/acs.biochem.7b00509"
"25158685","Making proteomics data accessible and reusable: current state of proteomics databases and repositories","Perez-Riverol Y, Alpi E, Wang R, Hermjakob H, Vizcaíno JA.","Proteomics. 2015 Mar;15(5-6):930-49. doi: 10.1002/pmic.201400302.","Perez-Riverol Y","Proteomics","2015","2014/08/28","PMC4409848","","10.1002/pmic.201400302"
"23840627","The hemolymph proteome of fed and starved Drosophila larvae","Handke B, Poernbacher I, Goetze S, Ahrens CH, Omasits U, Marty F, Simigdala N, Meyer I, Wollscheid B, Brunner E, Hafen E, Lehner CF.","PLoS One. 2013 Jun 20;8(6):e67208. doi: 10.1371/journal.pone.0067208. Print 2013.","Handke B","PLoS One","2013","2013/07/11","PMC3688620","","10.1371/journal.pone.0067208"
"25961799","A dynamic DNA-repair complex observed by correlative single-molecule nanomanipulation and fluorescence","Graves ET, Duboc C, Fan J, Stransky F, Leroux-Coyau M, Strick TR.","Nat Struct Mol Biol. 2015 Jun;22(6):452-7. doi: 10.1038/nsmb.3019. Epub 2015 May 11.","Graves ET","Nat Struct Mol Biol","2015","2015/05/12","","","10.1038/nsmb.3019"
"25689132","Quantitative proteomics and network analysis of SSA1 and SSB1 deletion mutants reveals robustness of chaperone HSP70 network in Saccharomyces cerevisiae","Jarnuczak AF, Eyers CE, Schwartz JM, Grant CM, Hubbard SJ.","Proteomics. 2015 Sep;15(18):3126-39. doi: 10.1002/pmic.201400527. Epub 2015 Apr 10.","Jarnuczak AF","Proteomics","2015","2015/02/18","PMC4979674","","10.1002/pmic.201400527"
"27810968","Physicochemical properties that control protein aggregation also determine whether a protein is retained or released from necrotic cells","Samson AL, Ho B, Au AE, Schoenwaelder SM, Smyth MJ, Bottomley SP, Kleifeld O, Medcalf RL.","Open Biol. 2016 Nov;6(11):160098. doi: 10.1098/rsob.160098.","Samson AL","Open Biol","2016","2016/11/05","PMC5133435","","10.1098/rsob.160098"
"31484958","Agent-based modeling and bifurcation analysis reveal mechanisms of macrophage polarization and phenotype pattern distribution","Nickaeen N, Ghaisari J, Heiner M, Moein S, Gheisari Y.","Sci Rep. 2019 Sep 4;9(1):12764. doi: 10.1038/s41598-019-48865-z.","Nickaeen N","Sci Rep","2019","2019/09/06","PMC6726649","","10.1038/s41598-019-48865-z"
"36888590","Evolutionary analysis of KED-rich proteins in plants","Zhang XH, Swait D, Jin XL, Vichyavichien P, Nifakos N, Kaplan N, Raymond L, Harlin JM.","PLoS One. 2023 Mar 8;18(3):e0279772. doi: 10.1371/journal.pone.0279772. eCollection 2023.","Zhang XH","PLoS One","2023","2023/03/08","PMC9994729","","10.1371/journal.pone.0279772"
"30234483","Ezrin enrichment on curved membranes requires a specific conformation or interaction with a curvature-sensitive partner","Tsai FC, Bertin A, Bousquet H, Manzi J, Senju Y, Tsai MC, Picas L, Miserey-Lenkei S, Lappalainen P, Lemichez E, Coudrier E, Bassereau P.","Elife. 2018 Sep 20;7:e37262. doi: 10.7554/eLife.37262.","Tsai FC","Elife","2018","2018/09/21","PMC6167055","","10.7554/eLife.37262"
"34919538","Genome-wide gene expression noise in Escherichia coli is condition-dependent and determined by propagation of noise through the regulatory network","Urchueguía A, Galbusera L, Chauvin D, Bellement G, Julou T, van Nimwegen E.","PLoS Biol. 2021 Dec 17;19(12):e3001491. doi: 10.1371/journal.pbio.3001491. eCollection 2021 Dec.","Urchueguía A","PLoS Biol","2021","2021/12/17","PMC8719677","","10.1371/journal.pbio.3001491"
"31308252","Small-protein Enrichment Assay Enables the Rapid, Unbiased Analysis of Over 100 Low Abundance Factors from Human Plasma","Harney DJ, Hutchison AT, Su Z, Hatchwell L, Heilbronn LK, Hocking S, James DE, Larance M.","Mol Cell Proteomics. 2019 Sep;18(9):1899-1915. doi: 10.1074/mcp.TIR119.001562. Epub 2019 Jul 15.","Harney DJ","Mol Cell Proteomics","2019","2019/07/17","PMC6731089","","10.1074/mcp.TIR119.001562"
"24003031","Principles of self-organization in biological pathways: a hypothesis on the autogenous association of alpha-synuclein","Zanzoni A, Marchese D, Agostini F, Bolognesi B, Cirillo D, Botta-Orfila M, Livi CM, Rodriguez-Mulero S, Tartaglia GG.","Nucleic Acids Res. 2013 Dec;41(22):9987-98. doi: 10.1093/nar/gkt794. Epub 2013 Sep 3.","Zanzoni A","Nucleic Acids Res","2013","2013/09/05","PMC3905859","","10.1093/nar/gkt794"
"25199834","Basal activity of a PARP1-NuA4 complex varies dramatically across cancer cell lines","Krukenberg KA, Jiang R, Steen JA, Mitchison TJ.","Cell Rep. 2014 Sep 25;8(6):1808-1818. doi: 10.1016/j.celrep.2014.08.009. Epub 2014 Sep 4.","Krukenberg KA","Cell Rep","2014","2014/09/10","PMC4177365","NIHMS622462","10.1016/j.celrep.2014.08.009"
"26660479","Improvement of lactic acid production in Saccharomyces cerevisiae by a deletion of ssb1","Lee JJ, Crook N, Sun J, Alper HS.","J Ind Microbiol Biotechnol. 2016 Jan;43(1):87-96. doi: 10.1007/s10295-015-1713-7. Epub 2015 Dec 11.","Lee JJ","J Ind Microbiol Biotechnol","2016","2015/12/15","","","10.1007/s10295-015-1713-7"
"27838629","Drift Barriers to Quality Control When Genes Are Expressed at Different Levels","Xiong K, McEntee JP, Porfirio DJ, Masel J.","Genetics. 2017 Jan;205(1):397-407. doi: 10.1534/genetics.116.192567. Epub 2016 Nov 11.","Xiong K","Genetics","2017","2016/11/14","PMC5223517","","10.1534/genetics.116.192567"
"38651096","ECMpy 2.0: A Python package for automated construction and analysis of enzyme-constrained models","Mao Z, Niu J, Zhao J, Huang Y, Wu K, Yun L, Guan J, Yuan Q, Liao X, Wang Z, Ma H.","Synth Syst Biotechnol. 2024 Apr 10;9(3):494-502. doi: 10.1016/j.synbio.2024.04.005. eCollection 2024 Sep.","Mao Z","Synth Syst Biotechnol","2024","2024/04/23","PMC11033187","","10.1016/j.synbio.2024.04.005"
"29128334","A Map of Human Mitochondrial Protein Interactions Linked to Neurodegeneration Reveals New Mechanisms of Redox Homeostasis and NF-κB Signaling","Malty RH, Aoki H, Kumar A, Phanse S, Amin S, Zhang Q, Minic Z, Goebels F, Musso G, Wu Z, Abou-Tok H, Meyer M, Deineko V, Kassir S, Sidhu V, Jessulat M, Scott NE, Xiong X, Vlasblom J, Prasad B, Foster LJ, Alberio T, Garavaglia B, Yu H, Bader GD, Nakamura K, Parkinson J, Babu M.","Cell Syst. 2017 Dec 27;5(6):564-577.e12. doi: 10.1016/j.cels.2017.10.010. Epub 2017 Nov 8.","Malty RH","Cell Syst","2017","2017/11/13","PMC5746455","NIHMS919480","10.1016/j.cels.2017.10.010"
"28369658","Tracking the evolution of 3D gene organization demonstrates its connection to phenotypic divergence","Diament A, Tuller T.","Nucleic Acids Res. 2017 May 5;45(8):4330-4343. doi: 10.1093/nar/gkx205.","Diament A","Nucleic Acids Res","2017","2017/04/04","PMC5416853","","10.1093/nar/gkx205"
"28540740","The Incomplete Glutathione Puzzle: Just Guessing at Numbers and Figures?","Deponte M.","Antioxid Redox Signal. 2017 Nov 20;27(15):1130-1161. doi: 10.1089/ars.2017.7123. Epub 2017 Jul 19.","Deponte M","Antioxid Redox Signal","2017","2017/05/26","PMC5661824","","10.1089/ars.2017.7123"
"26905391","Structural hot spots for the solubility of globular proteins","Ganesan A, Siekierska A, Beerten J, Brams M, Van Durme J, De Baets G, Van der Kant R, Gallardo R, Ramakers M, Langenberg T, Wilkinson H, De Smet F, Ulens C, Rousseau F, Schymkowitz J.","Nat Commun. 2016 Feb 24;7:10816. doi: 10.1038/ncomms10816.","Ganesan A","Nat Commun","2016","2016/02/25","PMC4770091","","10.1038/ncomms10816"
"28779005","Improving the phenotype predictions of a yeast genome-scale metabolic model by incorporating enzymatic constraints","Sánchez BJ, Zhang C, Nilsson A, Lahtvee PJ, Kerkhoven EJ, Nielsen J.","Mol Syst Biol. 2017 Aug 3;13(8):935. doi: 10.15252/msb.20167411.","Sánchez BJ","Mol Syst Biol","2017","2017/08/06","PMC5572397","","10.15252/msb.20167411"
"29019919","Proteogenomics in Aid of Host-Pathogen Interaction Studies: A Bacterial Perspective","Fels U, Gevaert K, Van Damme P.","Proteomes. 2017 Oct 11;5(4):26. doi: 10.3390/proteomes5040026.","Fels U","Proteomes","2017","2017/10/12","PMC5748561","","10.3390/proteomes5040026"
"39481633","The Hsp90 Molecular Chaperone as a Global Modifier of the Genotype-Phenotype-Fitness Map: An Evolutionary Perspective","Aguilar-Rodríguez J, Jakobson CM, Jarosz DF.","J Mol Biol. 2024 Dec 1;436(23):168846. doi: 10.1016/j.jmb.2024.168846. Epub 2024 Oct 29.","Aguilar-Rodríguez J","J Mol Biol","2024","2024/10/31","PMC11608137","NIHMS2032796","10.1016/j.jmb.2024.168846"
"25639645","A conserved domain important for association of eukaryotic J-protein co-chaperones Jjj1 and Zuo1 with the ribosome","Kaschner LA, Sharma R, Shrestha OK, Meyer AE, Craig EA.","Biochim Biophys Acta. 2015 May;1853(5):1035-45. doi: 10.1016/j.bbamcr.2015.01.014. Epub 2015 Jan 30.","Kaschner LA","Biochim Biophys Acta","2015","2015/02/03","PMC4380617","NIHMS667293","10.1016/j.bbamcr.2015.01.014"
"27132877","Genetic Characteristics of Polycythemia Vera and Essential Thrombocythemia in Korean Patients","Yoo EH, Park KJ, Won HH, Park JH, Park JH, Lee ST, Kim HJ, Bang SM, Chi HS, Jung CW, Kim SH, Yun H, Sun CH, Park I, Lee S, Lee C, Merriman B, Luo R, Tan EH, Park KJ, Yoo NK, Kang JJ, Kim JW.","J Clin Lab Anal. 2016 Nov;30(6):1061-1070. doi: 10.1002/jcla.21981. Epub 2016 May 2.","Yoo EH","J Clin Lab Anal","2016","2016/05/03","PMC6807207","","10.1002/jcla.21981"
"39402662","The ribosome profiling landscape of yeast reveals a high diversity in pervasive translation","Papadopoulos C, Arbes H, Cornu D, Chevrollier N, Blanchet S, Roginski P, Rabier C, Atia S, Lespinet O, Namy O, Lopes A.","Genome Biol. 2024 Oct 14;25(1):268. doi: 10.1186/s13059-024-03403-7.","Papadopoulos C","Genome Biol","2024","2024/10/14","PMC11472626","","10.1186/s13059-024-03403-7"
"35186042","Integrative OMICS Data-Driven Procedure Using a Derivatized Meta-Analysis Approach","Cervantes-Gracia K, Chahwan R, Husi H.","Front Genet. 2022 Feb 4;13:828786. doi: 10.3389/fgene.2022.828786. eCollection 2022.","Cervantes-Gracia K","Front Genet","2022","2022/02/21","PMC8855827","","10.3389/fgene.2022.828786"
"29323144","Defining tissue proteomes by systematic literature review","Hibbert SA, Ozols M, Griffiths CEM, Watson REB, Bell M, Sherratt MJ.","Sci Rep. 2018 Jan 11;8(1):546. doi: 10.1038/s41598-017-18699-8.","Hibbert SA","Sci Rep","2018","2018/01/12","PMC5765030","","10.1038/s41598-017-18699-8"
"29416018","The binding landscape of a partially-selective isopeptidase inhibitor with potent pro-death activity, based on the bis(arylidene)cyclohexanone scaffold","Ciotti S, Sgarra R, Sgorbissa A, Penzo C, Tomasella A, Casarsa F, Benedetti F, Berti F, Manfioletti G, Brancolini C.","Cell Death Dis. 2018 Feb 7;9(2):184. doi: 10.1038/s41419-017-0259-1.","Ciotti S","Cell Death Dis","2018","2018/02/09","PMC5833369","","10.1038/s41419-017-0259-1"
"32284383","Detection of Protein Aggregation in Live Plasmodium Parasites","Biosca A, Bouzón-Arnáiz I, Spanos L, Siden-Kiamos I, Iglesias V, Ventura S, Fernàndez-Busquets X.","Antimicrob Agents Chemother. 2020 May 21;64(6):e02135-19. doi: 10.1128/AAC.02135-19. Print 2020 May 21.","Biosca A","Antimicrob Agents Chemother","2020","2020/04/15","PMC7269469","","10.1128/AAC.02135-19"
"25355886","Varicella-zoster virus-derived major histocompatibility complex class I-restricted peptide affinity is a determining factor in the HLA risk profile for the development of postherpetic neuralgia","Meysman P, Ogunjimi B, Naulaerts S, Beutels P, Van Tendeloo V, Laukens K.","J Virol. 2015 Jan 15;89(2):962-9. doi: 10.1128/JVI.02500-14. Epub 2014 Oct 29.","Meysman P","J Virol","2015","2014/10/31","PMC4300672","","10.1128/JVI.02500-14"
"28944079","Quantitative Systems Biology to decipher design principles of a dynamic cell cycle network: the ""Maximum Allowable mammalian Trade-Off-Weight"" (MAmTOW)","Barberis M, Verbruggen P.","NPJ Syst Biol Appl. 2017 Sep 19;3:26. doi: 10.1038/s41540-017-0028-x. eCollection 2017.","Barberis M","NPJ Syst Biol Appl","2017","2017/09/26","PMC5605530","","10.1038/s41540-017-0028-x"
"34373465","A genome-scale metabolic model of Saccharomyces cerevisiae that integrates expression constraints and reaction thermodynamics","Oftadeh O, Salvy P, Masid M, Curvat M, Miskovic L, Hatzimanikatis V.","Nat Commun. 2021 Aug 9;12(1):4790. doi: 10.1038/s41467-021-25158-6.","Oftadeh O","Nat Commun","2021","2021/08/10","PMC8352978","","10.1038/s41467-021-25158-6"
"28288557","Bicodon bias can determine the role of synonymous SNPs in human diseases","McCarthy C, Carrea A, Diambra L.","BMC Genomics. 2017 Mar 13;18(1):227. doi: 10.1186/s12864-017-3609-6.","McCarthy C","BMC Genomics","2017","2017/03/15","PMC5347174","","10.1186/s12864-017-3609-6"
"28759574","Differential regulation of germ line apoptosis and germ cell differentiation by CPEB family members in C. elegans","Singh KD, Zheng X, Milstein S, Keller M, Roschitzki B, Grossmann J, Hengartner MO.","PLoS One. 2017 Jul 31;12(7):e0182270. doi: 10.1371/journal.pone.0182270. eCollection 2017.","Singh KD","PLoS One","2017","2017/08/01","PMC5536308","","10.1371/journal.pone.0182270"
"23420633","Quantitative analysis of chaperone network throughput in budding yeast","Brownridge P, Lawless C, Payapilly AB, Lanthaler K, Holman SW, Harman VM, Grant CM, Beynon RJ, Hubbard SJ.","Proteomics. 2013 Apr;13(8):1276-91. doi: 10.1002/pmic.201200412. Epub 2013 Mar 15.","Brownridge P","Proteomics","2013","2013/02/20","PMC3791555","","10.1002/pmic.201200412"
"33556408","The Mechanism of SARS-CoV-2 Nucleocapsid Protein Recognition by the Human 14-3-3 Proteins","Tugaeva KV, Hawkins DEDP, Smith JLR, Bayfield OW, Ker DS, Sysoev AA, Klychnikov OI, Antson AA, Sluchanko NN.","J Mol Biol. 2021 Apr 16;433(8):166875. doi: 10.1016/j.jmb.2021.166875. Epub 2021 Feb 5.","Tugaeva KV","J Mol Biol","2021","2021/02/08","PMC7863765","","10.1016/j.jmb.2021.166875"
"38076847","UPF1 ATPase autoinhibition and activation modulate RNA binding kinetics and NMD efficiency","Chapman JH, Youle AM, Grimme AL, Neuman KC, Hogg JR.","bioRxiv [Preprint]. 2023 Nov 3:2023.11.03.565554. doi: 10.1101/2023.11.03.565554.","Chapman JH","bioRxiv","2023","2023/12/11","PMC10705565","","10.1101/2023.11.03.565554"
"25687964","Roles of intramolecular and intermolecular interactions in functional regulation of the Hsp70 J-protein co-chaperone Sis1","Yu HY, Ziegelhoffer T, Osipiuk J, Ciesielski SJ, Baranowski M, Zhou M, Joachimiak A, Craig EA.","J Mol Biol. 2015 Apr 10;427(7):1632-43. doi: 10.1016/j.jmb.2015.02.007. Epub 2015 Feb 14.","Yu HY","J Mol Biol","2015","2015/02/18","PMC4357533","NIHMS664269","10.1016/j.jmb.2015.02.007"
"33888706","Proteomics of protein trafficking by in vivo tissue-specific labeling","Droujinine IA, Meyer AS, Wang D, Udeshi ND, Hu Y, Rocco D, McMahon JA, Yang R, Guo J, Mu L, Carey DK, Svinkina T, Zeng R, Branon T, Tabatabai A, Bosch JA, Asara JM, Ting AY, Carr SA, McMahon AP, Perrimon N.","Nat Commun. 2021 Apr 22;12(1):2382. doi: 10.1038/s41467-021-22599-x.","Droujinine IA","Nat Commun","2021","2021/04/23","PMC8062696","","10.1038/s41467-021-22599-x"
"30520724","General decapping activators target different subsets of inefficiently translated mRNAs","He F, Celik A, Wu C, Jacobson A.","Elife. 2018 Dec 6;7:e34409. doi: 10.7554/eLife.34409.","He F","Elife","2018","2018/12/07","PMC6300357","","10.7554/eLife.34409"
"30056630","Tyrosine substitution of a conserved active-site histidine residue activates Plasmodium falciparum peroxiredoxin 6","Feld K, Geissel F, Liedgens L, Schumann R, Specht S, Deponte M.","Protein Sci. 2019 Jan;28(1):100-110. doi: 10.1002/pro.3490. Epub 2018 Oct 31.","Feld K","Protein Sci","2019","2018/07/30","PMC6295898","","10.1002/pro.3490"
"35259019","Inhibitors of PARP: Number crunching and structure gazing","Rudolph J, Jung K, Luger K.","Proc Natl Acad Sci U S A. 2022 Mar 15;119(11):e2121979119. doi: 10.1073/pnas.2121979119. Epub 2022 Mar 8.","Rudolph J","Proc Natl Acad Sci U S A","2022","2022/03/08","PMC8931346","","10.1073/pnas.2121979119"
"31101858","Optimizing the dynamics of protein expression","Trösemeier JH, Rudorf S, Loessner H, Hofner B, Reuter A, Schulenborg T, Koch I, Bekeredjian-Ding I, Lipowsky R, Kamp C.","Sci Rep. 2019 May 17;9(1):7511. doi: 10.1038/s41598-019-43857-5.","Trösemeier JH","Sci Rep","2019","2019/05/19","PMC6525252","","10.1038/s41598-019-43857-5"
"29703890","An enrichment method based on synergistic and reversible covalent interactions for large-scale analysis of glycoproteins","Xiao H, Chen W, Smeekens JM, Wu R.","Nat Commun. 2018 Apr 27;9(1):1692. doi: 10.1038/s41467-018-04081-3.","Xiao H","Nat Commun","2018","2018/04/29","PMC5923262","","10.1038/s41467-018-04081-3"
"25210196","Proteome-wide subcellular topologies of E. coli polypeptides database (STEPdb)","Orfanoudaki G, Economou A.","Mol Cell Proteomics. 2014 Dec;13(12):3674-87. doi: 10.1074/mcp.O114.041137. Epub 2014 Sep 10.","Orfanoudaki G","Mol Cell Proteomics","2014","2014/09/12","PMC4256514","","10.1074/mcp.O114.041137"
"25312910","Testing whether metazoan tyrosine loss was driven by selection against promiscuous phosphorylation","Pandya S, Struck TJ, Mannakee BK, Paniscus M, Gutenkunst RN.","Mol Biol Evol. 2015 Jan;32(1):144-52. doi: 10.1093/molbev/msu284. Epub 2014 Oct 13.","Pandya S","Mol Biol Evol","2015","2014/10/15","PMC4271526","","10.1093/molbev/msu284"
"26488303","The Low Noise Limit in Gene Expression","Dar RD, Razooky BS, Weinberger LS, Cox CD, Simpson ML.","PLoS One. 2015 Oct 21;10(10):e0140969. doi: 10.1371/journal.pone.0140969. eCollection 2015.","Dar RD","PLoS One","2015","2015/10/22","PMC4619080","","10.1371/journal.pone.0140969"
"28364038","How Changes in Anti-SD Sequences Would Affect SD Sequences in Escherichia coli and Bacillus subtilis","Abolbaghaei A, Silke JR, Xia X.","G3 (Bethesda). 2017 May 5;7(5):1607-1615. doi: 10.1534/g3.117.039305.","Abolbaghaei A","G3 (Bethesda)","2017","2017/04/02","PMC5427494","","10.1534/g3.117.039305"
"27860220","K-BILDS: A Kinase Substrate Discovery Tool","Embogama DM, Pflum MK.","Chembiochem. 2017 Jan 3;18(1):136-141. doi: 10.1002/cbic.201600511. Epub 2016 Dec 7.","Embogama DM","Chembiochem","2017","2016/11/19","PMC5458359","NIHMS838233","10.1002/cbic.201600511"
"28193641","A method for high-throughput production of sequence-verified DNA libraries and strain collections","Smith JD, Schlecht U, Xu W, Suresh S, Horecka J, Proctor MJ, Aiyar RS, Bennett RA, Chu A, Li YF, Roy K, Davis RW, Steinmetz LM, Hyman RW, Levy SF, St Onge RP.","Mol Syst Biol. 2017 Feb 13;13(2):913. doi: 10.15252/msb.20167233.","Smith JD","Mol Syst Biol","2017","2017/02/15","PMC5327727","","10.15252/msb.20167233"
"28857745","Principles of cellular resource allocation revealed by condition-dependent proteome profiling","Metzl-Raz E, Kafri M, Yaakov G, Soifer I, Gurvich Y, Barkai N.","Elife. 2017 Aug 31;6:e28034. doi: 10.7554/eLife.28034.","Metzl-Raz E","Elife","2017","2017/09/01","PMC5578734","","10.7554/eLife.28034"
"37140060","How an overlooked gene in coenzyme a synthesis solved an enzyme mechanism predicament","Cronan JE.","Mol Microbiol. 2023 Jun;119(6):687-694. doi: 10.1111/mmi.15070. Epub 2023 May 4.","Cronan JE","Mol Microbiol","2023","2023/05/04","PMC10330860","NIHMS1901770","10.1111/mmi.15070"
"29107333","Granzyme B Disrupts Central Metabolism and Protein Synthesis in Bacteria to Promote an Immune Cell Death Program","Dotiwala F, Sen Santara S, Binker-Cosen AA, Li B, Chandrasekaran S, Lieberman J.","Cell. 2017 Nov 16;171(5):1125-1137.e11. doi: 10.1016/j.cell.2017.10.004. Epub 2017 Oct 26.","Dotiwala F","Cell","2017","2017/11/07","PMC5693722","NIHMS915887","10.1016/j.cell.2017.10.004"
"25927823","Universal distribution of mutational effects on protein stability, uncoupling of protein robustness from sequence evolution and distinct evolutionary modes of prokaryotic and eukaryotic proteins","Faure G, Koonin EV.","Phys Biol. 2015 Apr 30;12(3):035001. doi: 10.1088/1478-3975/12/3/035001.","Faure G","Phys Biol","2015","2015/05/01","PMC4770899","NIHMS688458","10.1088/1478-3975/12/3/035001"
